"legis.names","mean.x","vars.x","party","session"
"丁守中",0.772911672059672,0.00106365487744361,"K","2nd Session"
"何智輝",0.149391796070857,0.00106365487744361,"K","2nd Session"
"余政憲",-0.571428325829024,0.00106365487744361,"D","2nd Session"
"余玲雅",-1.60725704307958,0.00106365487744361,"D","2nd Session"
"侯海熊",-1.36899303991324,0.00106365487744361,"D","2nd Session"
"劉光華",1.3667342968236,0.00106365487744361,"K","2nd Session"
"劉國昭",1.41862722170493,0.00106365487744361,"K","2nd Session"
"劉政鴻",1.14081085712311,0.00106365487744361,"K","2nd Session"
"劉文慶",-1.89067604283191,0.00106365487744361,"D","2nd Session"
"劉松藩",0.350257239938259,0.00106365487744361,"K","2nd Session"
"劉炳華",1.35134851644189,0.00106365487744361,"K","2nd Session"
"劉瑞生",1.42043071511096,0.00106365487744361,"K","2nd Session"
"吳德美",1.31150995099339,0.00106365487744361,"K","2nd Session"
"吳東昇",1.09882854120289,0.00106365487744361,"K","2nd Session"
"吳耀寬",-0.180336239059363,0.00106365487744361,"K","2nd Session"
"呂新民",1.20096271997144,0.00106365487744361,"K","2nd Session"
"呂秀蓮",-1.94019183929147,0.00106365487744361,"D","2nd Session"
"周伯倫",-2.11950244035841,0.00106365487744361,"D","2nd Session"
"周書府",1.56544041325611,0.00106365487744361,"K","2nd Session"
"周荃",-0.678285316629415,0.00106365487744361,"k2","2nd Session"
"嚴啟昌",1.42877408235985,0.00106365487744361,"K","2nd Session"
"姚嘉文",-1.90685035432367,0.00106365487744361,"D","2nd Session"
"尤宏",-2.1080530718341,0.00106365487744361,"D","2nd Session"
"廖光生",1.60414380329093,0.00106365487744361,"K","2nd Session"
"廖大林",-2.18812321371552,0.00106365487744361,"D","2nd Session"
"廖永來",-1.91195557270228,0.00106365487744361,"D","2nd Session"
"廖福本",1.34806630327732,0.00106365487744361,"K","2nd Session"
"張俊宏",-1.80457793816348,0.00106365487744361,"D","2nd Session"
"張俊雄",-2.23376129620859,0.00106365487744361,"D","2nd Session"
"張偉",1.1743742594649,0.00106365487744361,"K","2nd Session"
"張堅華",1.30042148695161,0.00106365487744361,"K","2nd Session"
"張建國",1.51141906382791,0.00106365487744361,"K","2nd Session"
"張文儀",0.878097686428444,0.00106365487744361,"K","2nd Session"
"張旭成",-1.93380991873311,0.00106365487744361,"D","2nd Session"
"彭百顯",-1.97416834298313,0.00106365487744361,"D","2nd Session"
"徐中雄",1.26779973014455,0.00106365487744361,"K","2nd Session"
"徐成焜",0.643036460241282,0.00106365487744361,"K","2nd Session"
"戴振耀",-1.94056327236885,0.00106365487744361,"D","2nd Session"
"方來進",-1.97017470869373,0.00106365487744361,"D","2nd Session"
"施台生",1.27698943663762,0.00106365487744361,"K","2nd Session"
"施明德",-1.92878459603775,0.00106365487744361,"D","2nd Session"
"曹爾忠",1.20152253160339,0.00106365487744361,"K","2nd Session"
"曾振農",1.05303318838981,0.00106365487744361,"K","2nd Session"
"曾永權",1.27479684031884,0.00106365487744361,"K","2nd Session"
"朱勝號",-0.332589799665994,0.00106365487744361,"D","2nd Session"
"朱星羽",-1.79755386049794,0.00106365487744361,"D","2nd Session"
"朱高正",-0.485318586146942,0.00106365487744361,"k2","2nd Session"
"朱鳳芝",1.41787934188239,0.00106365487744361,"K","2nd Session"
"李友吉",1.66801976748795,0.00106365487744361,"K","2nd Session"
"李宗正",1.33766407479421,0.00106365487744361,"K","2nd Session"
"李必賢",1.36477803141155,0.00106365487744361,"K","2nd Session"
"李慶華",-0.635640356402988,0.00106365487744361,"k2","2nd Session"
"李慶雄",-2.15892017677142,0.00106365487744361,"D","2nd Session"
"李源泉",1.72219642904491,0.00106365487744361,"K","2nd Session"
"李進勇",-1.89639131539031,0.00106365487744361,"D","2nd Session"
"李顯榮",1.01087469789439,0.00106365487744361,"K","2nd Session"
"李鳴皋",1.41418209770101,0.00106365487744361,"K","2nd Session"
"林光華",-1.79573564434268,0.00106365487744361,"D","2nd Session"
"林國龍",1.01332490383595,0.00106365487744361,"K","2nd Session"
"林壽山",0.727802612192405,0.00106365487744361,"K","2nd Session"
"林志嘉",1.43258638940417,0.00106365487744361,"K","2nd Session"
"林明義",1.29410928546248,0.00106365487744361,"K","2nd Session"
"林正杰",-0.948866429935259,0.00106365487744361,"O1","2nd Session"
"林源山",1.19576548219043,0.00106365487744361,"K","2nd Session"
"林濁水",-2.02954341975078,0.00106365487744361,"D","2nd Session"
"林瑞卿",-1.83346928793546,0.00106365487744361,"D","2nd Session"
"林聰明",1.03744755519569,0.00106365487744361,"K","2nd Session"
"林錫山",0.99437274798148,0.00106365487744361,"K","2nd Session"
"柯建銘",-1.88087001564406,0.00106365487744361,"D","2nd Session"
"楊吉雄",1.47925542969744,0.00106365487744361,"K","2nd Session"
"江偉平",1.54120309054716,0.00106365487744361,"K","2nd Session"
"江鵬堅",-2.19998589421089,0.00106365487744361,"D","2nd Session"
"沈富雄",-2.12526913382165,0.00106365487744361,"D","2nd Session"
"沈智慧",1.1327169018055,0.00106365487744361,"K","2nd Session"
"洪冬桂",1.24692094786527,0.00106365487744361,"K","2nd Session"
"洪奇昌",-2.05633954637246,0.00106365487744361,"D","2nd Session"
"洪性榮",0.451578171085265,0.00106365487744361,"K","2nd Session"
"洪昭男",1.32878138985118,0.00106365487744361,"K","2nd Session"
"洪濬哲",1.39545833024772,0.00106365487744361,"K","2nd Session"
"洪玉欽",1.45634717688741,0.00106365487744361,"K","2nd Session"
"洪秀柱",1.09858578596671,0.00106365487744361,"K","2nd Session"
"游日正",0.513864355276024,0.00106365487744361,"K","2nd Session"
"游淮銀",1.16150055292286,0.00106365487744361,"K","2nd Session"
"潘維剛",1.05338879787191,0.00106365487744361,"K","2nd Session"
"王世雄",0.532280452539892,0.00106365487744361,"K","2nd Session"
"王國清",1.34019124752507,0.00106365487744361,"K","2nd Session"
"王天競",1.4274872673712,0.00106365487744361,"K","2nd Session"
"王建瑄",-0.584411029783487,0.00106365487744361,"k2","2nd Session"
"王金平",1.43085750939948,0.00106365487744361,"K","2nd Session"
"王顯明",1.17102559292597,0.00106365487744361,"K","2nd Session"
"瓦歷斯貝林",-0.358125493476035,0.00106365487744361,"O1","2nd Session"
"盧修一",-2.09981316797706,0.00106365487744361,"D","2nd Session"
"程建人",1.24233036266101,0.00106365487744361,"K","2nd Session"
"羅傳進",1.59092278111337,0.00106365487744361,"K","2nd Session"
"翁大銘",0.513214723162946,0.00106365487744361,"O1","2nd Session"
"翁重鈞",0.669879548364983,0.00106365487744361,"K","2nd Session"
"翁金珠",-2.13286285219376,0.00106365487744361,"D","2nd Session"
"莊金生",1.35710317744102,0.00106365487744361,"K","2nd Session"
"華加志",1.31302583107076,0.00106365487744361,"K","2nd Session"
"葉憲修",-1.13461394073368,0.00106365487744361,"O1","2nd Session"
"葉耀鵬",-1.93885568759868,0.00106365487744361,"D","2nd Session"
"葉菊蘭",-2.21583638208433,0.00106365487744361,"D","2nd Session"
"葛雨琴",1.26053537453621,0.00106365487744361,"K","2nd Session"
"蔡中涵",0.603985599282275,0.00106365487744361,"K","2nd Session"
"蔡勝邦",1.37200773973101,0.00106365487744361,"K","2nd Session"
"蔡友土",1.49175312518088,0.00106365487744361,"K","2nd Session"
"蔡同榮",-2.223209226141,0.00106365487744361,"D","2nd Session"
"蔡式淵",-2.09733396164611,0.00106365487744361,"D","2nd Session"
"蕭金蘭",1.30811110697668,0.00106365487744361,"K","2nd Session"
"蘇嘉全",-1.92364712635016,0.00106365487744361,"D","2nd Session"
"蘇火燈",0.853017283448644,0.00106365487744361,"K","2nd Session"
"蘇煥智",-1.93805905267405,0.00106365487744361,"D","2nd Session"
"許國泰",-1.80939559150128,0.00106365487744361,"D","2nd Session"
"許添財",-1.89549425851629,0.00106365487744361,"D","2nd Session"
"詹裕仁",1.00447705180991,0.00106365487744361,"K","2nd Session"
"謝啟大",-0.604824311462789,0.00106365487744361,"k2","2nd Session"
"謝深山",1.11336586835182,0.00106365487744361,"K","2nd Session"
"謝聰敏",-1.71481368158676,0.00106365487744361,"D","2nd Session"
"謝長廷",-2.0804232764312,0.00106365487744361,"D","2nd Session"
"賴英芳",-0.12497428969145,0.00106365487744361,"O1","2nd Session"
"趙少康",-0.686259911435586,0.00106365487744361,"k2","2nd Session"
"趙振鵬",1.48273020075668,0.00106365487744361,"K","2nd Session"
"趙永清",0.868349201500215,0.00106365487744361,"K","2nd Session"
"趙琇娃",-1.82106516453111,0.00106365487744361,"D","2nd Session"
"邱垂貞",-1.96407349106819,0.00106365487744361,"D","2nd Session"
"邱連輝",-2.10110222136127,0.00106365487744361,"D","2nd Session"
"郁慕明",-0.618293679806436,0.00106365487744361,"k2","2nd Session"
"郭廷才",1.48944235757653,0.00106365487744361,"K","2nd Session"
"郭政權",1.00453625923122,0.00106365487744361,"K","2nd Session"
"郭石城",1.53918715054459,0.00106365487744361,"K","2nd Session"
"郭金生",1.1866839584018,0.00106365487744361,"K","2nd Session"
"鄭逢時",1.40465049993726,0.00106365487744361,"K","2nd Session"
"關中",0.827245937527146,0.00106365487744361,"K","2nd Session"
"陳健民",1.48836534928859,0.00106365487744361,"K","2nd Session"
"陳傑儒",1.26685951823523,0.00106365487744361,"K","2nd Session"
"陳光復",-1.99038527829853,0.00106365487744361,"D","2nd Session"
"陳哲男",-1.31471710627608,0.00106365487744361,"D","2nd Session"
"陳唐山",-0.689195617604193,0.00106365487744361,"D","2nd Session"
"陳婉真",-2.19413525092488,0.00106365487744361,"D","2nd Session"
"陳宏昌",1.11854878529931,0.00106365487744361,"K","2nd Session"
"陳定南",-1.79868376660924,0.00106365487744361,"D","2nd Session"
"陳建平",1.23372985872758,0.00106365487744361,"K","2nd Session"
"陳志彬",0.323743709903049,0.00106365487744361,"K","2nd Session"
"陳昭南",-1.98243003620664,0.00106365487744361,"D","2nd Session"
"陳朝容",1.28888175463009,0.00106365487744361,"K","2nd Session"
"陳水扁",-1.4528161717444,0.00106365487744361,"D","2nd Session"
"陳清寶",1.00556964591706,0.00106365487744361,"K","2nd Session"
"陳璽安",1.55971989244235,0.00106365487744361,"K","2nd Session"
"陳癸淼",-0.602906031266678,0.00106365487744361,"k2","2nd Session"
"陳錫章",1.0723477207023,0.00106365487744361,"K","2nd Session"
"韓國瑜",1.03892196080156,0.00106365487744361,"K","2nd Session"
"顏錦福",-2.34287181191573,0.00106365487744361,"D","2nd Session"
"饒穎奇",1.62115367951233,0.00106365487744361,"K","2nd Session"
"馬賴古麥",1.27898068637674,0.00106365487744361,"K","2nd Session"
"高巍和",1.52555195839408,0.00106365487744361,"K","2nd Session"
"高育仁",1.00265941393167,0.00106365487744361,"K","2nd Session"
"魏耀乾",-1.78743389190802,0.00106365487744361,"D","2nd Session"
"魏鏞",0.868330970065618,0.00106365487744361,"K","2nd Session"
"黃主文",0.978546236284408,0.00106365487744361,"K","2nd Session"
"黃信介",-1.8589188403773,0.00106365487744361,"D","2nd Session"
"黃昭輝",-1.97996098902875,0.00106365487744361,"D","2nd Session"
"黃昭順",0.792719421817383,0.00106365487744361,"K","2nd Session"
"黃正一",1.47260288944231,0.00106365487744361,"K","2nd Session"
"黃煌雄",-1.93093424569889,0.00106365487744361,"D","2nd Session"
"黃爾璇",-2.28435418303089,0.00106365487744361,"D","2nd Session"
"丁守中",1.7677947198274,0.00131565408330385,"K","3rd Session"
"何聖隆",1.47972745461996,0.00131565408330385,"K","3rd Session"
"余玲雅",-2.74656096293344,0.00131565408330385,"D","3rd Session"
"傅崑成",-0.690254787582535,0.00131565408330385,"k2","3rd Session"
"全文盛",1.6075386108125,0.00131565408330385,"K","3rd Session"
"劉光華",2.19709722937908,0.00131565408330385,"K","3rd Session"
"劉國昭",2.10638336218118,0.00131565408330385,"K","3rd Session"
"劉松藩",1.61768945419877,0.00131565408330385,"K","3rd Session"
"劉盛良",1.9850186094743,0.00131565408330385,"K","3rd Session"
"劉進興",-2.62601979888631,0.00131565408330385,"D","3rd Session"
"吳克清",2.1557755287919,0.00131565408330385,"K","3rd Session"
"吳惠祖",2.11476092731613,0.00131565408330385,"K","3rd Session"
"周伯倫",-2.69742502202657,0.00131565408330385,"D","3rd Session"
"周荃",-0.693946199282599,0.00131565408330385,"k2","3rd Session"
"周陽山",-0.681231359571497,0.00131565408330385,"k2","3rd Session"
"姚立明",-0.64203355518633,0.00131565408330385,"k2","3rd Session"
"尤宏",-2.61610581721004,0.00131565408330385,"D","3rd Session"
"巴燕達魯",-2.77784360986266,0.00131565408330385,"D","3rd Session"
"廖大林",-2.57845012351054,0.00131565408330385,"D","3rd Session"
"廖學廣",-0.763118579205365,0.00131565408330385,"O1","3rd Session"
"廖福本",1.95774679600681,0.00131565408330385,"K","3rd Session"
"張俊宏",-2.72006610696583,0.00131565408330385,"D","3rd Session"
"張俊雄",-2.73732990864657,0.00131565408330385,"D","3rd Session"
"張光錦",2.22504947665569,0.00131565408330385,"K","3rd Session"
"張文儀",1.76185568938021,0.00131565408330385,"K","3rd Session"
"張旭成",-2.60076103652894,0.00131565408330385,"D","3rd Session"
"張晉城",0.53109086273117,0.00131565408330385,"D","3rd Session"
"彭百顯",-1.98977049730816,0.00131565408330385,"D","3rd Session"
"彭紹瑾",-2.75263371398868,0.00131565408330385,"D","3rd Session"
"徐中雄",1.653934022056,0.00131565408330385,"K","3rd Session"
"徐少萍",2.17501537462667,0.00131565408330385,"K","3rd Session"
"徐成焜",0.478520836330892,0.00131565408330385,"K","3rd Session"
"施台生",1.7417650679605,0.00131565408330385,"K","3rd Session"
"施明德",-2.63008437061131,0.00131565408330385,"D","3rd Session"
"曹爾忠",1.94506844563406,0.00131565408330385,"K","3rd Session"
"曾振農",1.7132896459395,0.00131565408330385,"K","3rd Session"
"曾永權",2.10575837690862,0.00131565408330385,"K","3rd Session"
"朱惠良",-0.67514679639771,0.00131565408330385,"k2","3rd Session"
"朱星羽",-1.6296621192278,0.00131565408330385,"D","3rd Session"
"朱高正",-0.502201744580165,0.00131565408330385,"k2","3rd Session"
"朱鳳芝",1.96690878432664,0.00131565408330385,"K","3rd Session"
"李俊毅",-2.70520291964661,0.00131565408330385,"D","3rd Session"
"李友吉",2.02093250653792,0.00131565408330385,"K","3rd Session"
"李必賢",2.17947979726274,0.00131565408330385,"K","3rd Session"
"李慶華",-0.690714598007623,0.00131565408330385,"k2","3rd Session"
"李應元",-2.63442419938733,0.00131565408330385,"D","3rd Session"
"李文郎",2.21487850864384,0.00131565408330385,"K","3rd Session"
"李進勇",-2.55937181214658,0.00131565408330385,"D","3rd Session"
"李顯榮",1.92099461513852,0.00131565408330385,"K","3rd Session"
"李鳴皋",2.18460914449366,0.00131565408330385,"K","3rd Session"
"杜振榮",2.01594380755344,0.00131565408330385,"K","3rd Session"
"林光華",-2.37389251644766,0.00131565408330385,"D","3rd Session"
"林哲夫",-2.71108258152052,0.00131565408330385,"D","3rd Session"
"林國龍",1.99101992015497,0.00131565408330385,"K","3rd Session"
"林宏宗",0.598843899328779,0.00131565408330385,"O1","3rd Session"
"林建榮",2.11739945017819,0.00131565408330385,"K","3rd Session"
"林志嘉",1.99965635488524,0.00131565408330385,"K","3rd Session"
"林忠正",-2.63661367209904,0.00131565408330385,"D","3rd Session"
"林政則",1.70501013088316,0.00131565408330385,"K","3rd Session"
"林文郎",-2.76044672551574,0.00131565408330385,"D","3rd Session"
"林明義",1.74243852646647,0.00131565408330385,"K","3rd Session"
"林源山",1.74499953429529,0.00131565408330385,"K","3rd Session"
"林濁水",-2.61298670118423,0.00131565408330385,"D","3rd Session"
"林炳坤",2.01649933868082,0.00131565408330385,"K","3rd Session"
"林瑞卿",-2.61349304350799,0.00131565408330385,"D","3rd Session"
"林耀興",1.8416399994006,0.00131565408330385,"K","3rd Session"
"林豐喜",-2.70279986345496,0.00131565408330385,"D","3rd Session"
"林郁方",-0.591717130285428,0.00131565408330385,"k2","3rd Session"
"林錫山",2.12345665346384,0.00131565408330385,"K","3rd Session"
"柯建銘",-2.37882390861978,0.00131565408330385,"D","3rd Session"
"楊吉雄",2.23033071793713,0.00131565408330385,"K","3rd Session"
"沈富雄",-2.71602171952796,0.00131565408330385,"D","3rd Session"
"沈智慧",2.11191833325261,0.00131565408330385,"K","3rd Session"
"洪冬桂",1.69853726741569,0.00131565408330385,"K","3rd Session"
"洪奇昌",-2.64075546564619,0.00131565408330385,"D","3rd Session"
"洪性榮",1.91490740728632,0.00131565408330385,"K","3rd Session"
"洪昭男",2.10569234649166,0.00131565408330385,"K","3rd Session"
"洪玉欽",2.06016865297549,0.00131565408330385,"K","3rd Session"
"洪秀柱",2.04743038645833,0.00131565408330385,"K","3rd Session"
"游淮銀",2.09817868455293,0.00131565408330385,"K","3rd Session"
"潘維剛",2.01971255309195,0.00131565408330385,"K","3rd Session"
"王令麟",2.19688765270179,0.00131565408330385,"K","3rd Session"
"王天競",2.08516253004454,0.00131565408330385,"K","3rd Session"
"王志雄",1.2372060507869,0.00131565408330385,"K","3rd Session"
"王拓",-2.79050439893513,0.00131565408330385,"D","3rd Session"
"王素筠",1.69118148434625,0.00131565408330385,"K","3rd Session"
"王金平",1.98974304029992,0.00131565408330385,"K","3rd Session"
"王雪峰",-2.54333944909347,0.00131565408330385,"D","3rd Session"
"王顯明",1.39274002839305,0.00131565408330385,"K","3rd Session"
"瓦歷斯貝林",0.126101324737765,0.00131565408330385,"K","3rd Session"
"盧修一",-2.37256265378071,0.00131565408330385,"D","3rd Session"
"簡金卿",2.1178006000397,0.00131565408330385,"K","3rd Session"
"簡錫皆",-2.8548877789775,0.00131565408330385,"D","3rd Session"
"羅傳進",2.19509882110365,0.00131565408330385,"K","3rd Session"
"羅福助",1.22817670668233,0.00131565408330385,"O1","3rd Session"
"翁重鈞",1.69142463754083,0.00131565408330385,"K","3rd Session"
"翁金珠",-2.68834329232112,0.00131565408330385,"D","3rd Session"
"范巽綠",-2.66181171242236,0.00131565408330385,"D","3rd Session"
"范振宗",-1.90613622423184,0.00131565408330385,"D","3rd Session"
"莊金生",2.05565264262577,0.00131565408330385,"K","3rd Session"
"葉菊蘭",-2.80752302415346,0.00131565408330385,"D","3rd Session"
"葛雨琴",2.18718098088968,0.00131565408330385,"K","3rd Session"
"蔡中涵",-0.148078707747635,0.00131565408330385,"K","3rd Session"
"蔡勝邦",1.61207547124885,0.00131565408330385,"K","3rd Session"
"蔡同榮",-2.45587860068386,0.00131565408330385,"D","3rd Session"
"蔡式淵",-2.78524142518929,0.00131565408330385,"D","3rd Session"
"蔡明憲",-2.61974622227675,0.00131565408330385,"D","3rd Session"
"蔡正揚",-0.648377759367796,0.00131565408330385,"k2","3rd Session"
"蔡煌瑯",-2.63171385474857,0.00131565408330385,"D","3rd Session"
"蔡璧煌",2.14791960645064,0.00131565408330385,"K","3rd Session"
"蕭萬長",2.01998453453559,0.00131565408330385,"K","3rd Session"
"蕭裕珍",-2.69837077933299,0.00131565408330385,"D","3rd Session"
"蕭金蘭",1.98441379736807,0.00131565408330385,"K","3rd Session"
"蘇嘉全",-2.45657410837643,0.00131565408330385,"D","3rd Session"
"蘇煥智",-2.69324353405473,0.00131565408330385,"D","3rd Session"
"蘇貞昌",-2.47071420631747,0.00131565408330385,"D","3rd Session"
"許添財",-2.29978943591639,0.00131565408330385,"O1","3rd Session"
"許舒博",1.77938874141737,0.00131565408330385,"K","3rd Session"
"謝啟大",-0.714262350171686,0.00131565408330385,"k2","3rd Session"
"謝欽宗",1.66008186802093,0.00131565408330385,"K","3rd Session"
"謝聰敏",-2.77051601120356,0.00131565408330385,"D","3rd Session"
"謝錦川",-2.5330922436432,0.00131565408330385,"D","3rd Session"
"賴來焜",-0.656080340921052,0.00131565408330385,"k2","3rd Session"
"趙永清",0.602994625719865,0.00131565408330385,"K","3rd Session"
"邱垂貞",-2.64457224611028,0.00131565408330385,"D","3rd Session"
"郁慕明",-0.597996431076591,0.00131565408330385,"k2","3rd Session"
"郝龍斌",-0.577013823285028,0.00131565408330385,"k2","3rd Session"
"郭廷才",1.8796305505126,0.00131565408330385,"K","3rd Session"
"郭政權",1.90572034571346,0.00131565408330385,"K","3rd Session"
"郭金生",1.6619240550191,0.00131565408330385,"K","3rd Session"
"鄭寶清",-2.69323785255082,0.00131565408330385,"D","3rd Session"
"鄭朝明",-2.74402569061722,0.00131565408330385,"D","3rd Session"
"鄭永金",2.18245011095075,0.00131565408330385,"K","3rd Session"
"鄭逢時",2.04108158325925,0.00131565408330385,"K","3rd Session"
"鄭龍水",-0.673854292219975,0.00131565408330385,"k2","3rd Session"
"錢達",-0.663215328532869,0.00131565408330385,"k2","3rd Session"
"鍾利德",1.88533857675944,0.00131565408330385,"K","3rd Session"
"陳一新",-0.603453259752143,0.00131565408330385,"k2","3rd Session"
"陳健民",2.09178064143056,0.00131565408330385,"K","3rd Session"
"陳傑儒",1.9034187357128,0.00131565408330385,"K","3rd Session"
"陳光復",-1.97206819792114,0.00131565408330385,"D","3rd Session"
"陳其邁",-2.69480769037781,0.00131565408330385,"D","3rd Session"
"陳宏昌",1.367378275501,0.00131565408330385,"K","3rd Session"
"陳定南",-2.76126939276004,0.00131565408330385,"D","3rd Session"
"陳志彬",0.756977390683796,0.00131565408330385,"K","3rd Session"
"陳文輝",-1.45879868550775,0.00131565408330385,"D","3rd Session"
"陳朝容",1.91566985666962,0.00131565408330385,"K","3rd Session"
"陳永興",-2.26102600782358,0.00131565408330385,"D","3rd Session"
"陳清寶",1.54568574508467,0.00131565408330385,"K","3rd Session"
"陳漢強",-0.641748267447821,0.00131565408330385,"k2","3rd Session"
"陳瓊讚",1.9318244805843,0.00131565408330385,"K","3rd Session"
"陳癸淼",-0.671821808566709,0.00131565408330385,"k2","3rd Session"
"陳鴻基",2.03314525685707,0.00131565408330385,"K","3rd Session"
"靳曾珍麗",2.198763992999,0.00131565408330385,"K","3rd Session"
"韓國瑜",2.04077129756098,0.00131565408330385,"K","3rd Session"
"章仁香",2.1201200215166,0.00131565408330385,"K","3rd Session"
"顏錦福",-2.7645859738834,0.00131565408330385,"D","3rd Session"
"饒穎奇",2.12557505094609,0.00131565408330385,"K","3rd Session"
"馮定國",-0.671445374311569,0.00131565408330385,"k2","3rd Session"
"高惠宇",-0.633063840588809,0.00131565408330385,"k2","3rd Session"
"高揚昇",1.95351679768151,0.00131565408330385,"K","3rd Session"
"高育仁",1.74974971670847,0.00131565408330385,"K","3rd Session"
"黃主文",2.05177752587909,0.00131565408330385,"K","3rd Session"
"黃國鐘",-0.261300597439754,0.00131565408330385,"k2","3rd Session"
"黃天福",-2.70239555099303,0.00131565408330385,"D","3rd Session"
"黃昭順",2.00660829361416,0.00131565408330385,"K","3rd Session"
"黃清林",2.1456997702062,0.00131565408330385,"K","3rd Session"
"黃爾璇",-2.79688717643344,0.00131565408330385,"D","3rd Session"
"黃秀孟",2.05502162536769,0.00131565408330385,"K","3rd Session"
"丁守中",1.00049993340748,0.00106930440671708,"K","4th Session"
"伍澤元",0.69582515414773,0.00106930440671708,"O1","4th Session"
"何嘉榮",-1.49021115918636,0.00106930440671708,"D","4th Session"
"何智輝",1.05647535067512,0.00106930440671708,"K","4th Session"
"余政道",-1.57439613546594,0.00106930440671708,"D","4th Session"
"侯惠仙",0.873451043811202,0.00106930440671708,"K","4th Session"
"劉俊雄",-1.53498428863121,0.00106930440671708,"D","4th Session"
"劉光華",1.07806118296936,0.00106930440671708,"K","4th Session"
"劉憲同",1.00096140451837,0.00106930440671708,"K","4th Session"
"劉政鴻",0.919411542151813,0.00106930440671708,"K","4th Session"
"劉文雄",0.525062934786867,0.00106930440671708,"K","4th Session"
"劉松藩",0.608323901647193,0.00106930440671708,"K","4th Session"
"劉炳偉",-0.1744373113359,0.00106930440671708,"K","4th Session"
"劉盛良",1.0057530299039,0.00106930440671708,"K","4th Session"
"劉銓忠",0.766082699810327,0.00106930440671708,"O1","4th Session"
"卓榮泰",-1.54125828818159,0.00106930440671708,"D","4th Session"
"吳光訓",0.856913742917814,0.00106930440671708,"K","4th Session"
"吳克清",0.747199715697341,0.00106930440671708,"K","4th Session"
"吳清池",0.517871272648961,0.00106930440671708,"K","4th Session"
"呂新民",0.966181485907871,0.00106930440671708,"K","4th Session"
"周五六",1.25406897782935,0.00106930440671708,"K","4th Session"
"周伯倫",-1.51228167823372,0.00106930440671708,"D","4th Session"
"周慧瑛",-1.52538223620315,0.00106930440671708,"D","4th Session"
"周正之",1.10776559524246,0.00106930440671708,"K","4th Session"
"周清玉",-1.54049603914458,0.00106930440671708,"D","4th Session"
"周錫瑋",0.473714745564807,0.00106930440671708,"K","4th Session"
"周雅淑",-1.5718365667757,0.00106930440671708,"D","4th Session"
"唐碧娥",-1.53471292679344,0.00106930440671708,"D","4th Session"
"姚高橋",0.40979440360216,0.00106930440671708,"K","4th Session"
"宋煦光",1.02646208342276,0.00106930440671708,"K","4th Session"
"巴燕達魯",-1.52600040337915,0.00106930440671708,"D","4th Session"
"廖婉汝",0.973754796337279,0.00106930440671708,"K","4th Session"
"廖學廣",0.221495767987499,0.00106930440671708,"O1","4th Session"
"廖福本",0.97309877311313,0.00106930440671708,"K","4th Session"
"廖風德",1.08495673457163,0.00106930440671708,"K","4th Session"
"張世良",-0.136329233240053,0.00106930440671708,"k2","4th Session"
"張俊宏",-1.50329452799256,0.00106930440671708,"D","4th Session"
"張俊雄",-1.3026617937011,0.00106930440671708,"D","4th Session"
"張學舜",-1.42173622047546,0.00106930440671708,"D","4th Session"
"張川田",-1.50609102563082,0.00106930440671708,"D","4th Session"
"張文儀",0.817207732960492,0.00106930440671708,"K","4th Session"
"張旭成",-1.42435255439131,0.00106930440671708,"D","4th Session"
"張明雄",0.826346706526705,0.00106930440671708,"K","4th Session"
"張清芳",-1.52646039434762,0.00106930440671708,"D","4th Session"
"張福興",1.00889178486779,0.00106930440671708,"K","4th Session"
"張秀珍",-1.49110630757408,0.00106930440671708,"D","4th Session"
"張蔡美",0.977773343050958,0.00106930440671708,"K","4th Session"
"彭紹瑾",-1.57505764155909,0.00106930440671708,"D","4th Session"
"徐中雄",0.484307611218672,0.00106930440671708,"K","4th Session"
"徐少萍",1.01325142338159,0.00106930440671708,"K","4th Session"
"徐志明",-1.48135013918293,0.00106930440671708,"D","4th Session"
"徐慶元",0.117765984295698,0.00106930440671708,"O5","4th Session"
"徐成焜",-0.202770367417688,0.00106930440671708,"O5","4th Session"
"方醫良",1.08080014772325,0.00106930440671708,"K","4th Session"
"施明德",-1.50103199996441,0.00106930440671708,"D","4th Session"
"曹啟鴻",-1.59917019320029,0.00106930440671708,"D","4th Session"
"曹爾忠",1.09204305588292,0.00106930440671708,"K","4th Session"
"曾振農",1.04162303045787,0.00106930440671708,"K","4th Session"
"曾永權",0.999795524887772,0.00106930440671708,"K","4th Session"
"曾華德",0.958794042476989,0.00106930440671708,"K","4th Session"
"曾蔡美佐",0.779358011272994,0.00106930440671708,"K","4th Session"
"朱惠良",-0.28944370259923,0.00106930440671708,"k2","4th Session"
"朱星羽",-1.44043573308278,0.00106930440671708,"D","4th Session"
"朱立倫",0.635840383985016,0.00106930440671708,"K","4th Session"
"朱鳳芝",1.00609090334917,0.00106930440671708,"K","4th Session"
"李俊毅",-1.53977416270293,0.00106930440671708,"D","4th Session"
"李先仁",0.539627567306632,0.00106930440671708,"K","4th Session"
"李全教",1.01758291734655,0.00106930440671708,"K","4th Session"
"李嘉進",0.928219300565571,0.00106930440671708,"K","4th Session"
"李慶安",0.720306993362037,0.00106930440671708,"K","4th Session"
"李慶華",-0.0778243075055298,0.00106930440671708,"k2","4th Session"
"李慶雄",-1.43498950755565,0.00106930440671708,"O6","4th Session"
"李應元",-1.32847989376827,0.00106930440671708,"D","4th Session"
"李文忠",-1.54850300485103,0.00106930440671708,"D","4th Session"
"李正宗",1.006221196145,0.00106930440671708,"K","4th Session"
"李炷烽",-0.337593732677133,0.00106930440671708,"k2","4th Session"
"李顯榮",0.926782046750308,0.00106930440671708,"K","4th Session"
"李鳴皋",1.12256708316082,0.00106930440671708,"K","4th Session"
"林南生",0.793075197589086,0.00106930440671708,"K","4th Session"
"林國華",-1.56359585629631,0.00106930440671708,"D","4th Session"
"林國龍",0.796453711887313,0.00106930440671708,"K","4th Session"
"林宏宗",0.49988417032899,0.00106930440671708,"O1","4th Session"
"林宗男",-1.49875034855251,0.00106930440671708,"D","4th Session"
"林建榮",1.01761669518887,0.00106930440671708,"K","4th Session"
"林志嘉",0.264146704265043,0.00106930440671708,"O5","4th Session"
"林忠正",-1.50885954499809,0.00106930440671708,"D","4th Session"
"林政則",1.02293246407471,0.00106930440671708,"K","4th Session"
"林文郎",-1.52475458620942,0.00106930440671708,"D","4th Session"
"林明義",0.97444481443213,0.00106930440671708,"K","4th Session"
"林春德",0.981807783277863,0.00106930440671708,"K","4th Session"
"林正二",1.0200395977664,0.00106930440671708,"K","4th Session"
"林源山",1.00089362669956,0.00106930440671708,"K","4th Session"
"林濁水",-1.45223821064987,0.00106930440671708,"D","4th Session"
"林炳坤",1.00485518025561,0.00106930440671708,"K","4th Session"
"林瑞圖",0.196960495538607,0.00106930440671708,"O1","4th Session"
"林益世",0.86819320232628,0.00106930440671708,"K","4th Session"
"林耀興",0.779196068905271,0.00106930440671708,"K","4th Session"
"林豐喜",-1.35946545722597,0.00106930440671708,"D","4th Session"
"林進春",0.821742406711692,0.00106930440671708,"K","4th Session"
"林重謨",-1.52018960877383,0.00106930440671708,"D","4th Session"
"柯建銘",-1.51764759162332,0.00106930440671708,"D","4th Session"
"梁牧養",-1.60450767330335,0.00106930440671708,"D","4th Session"
"楊仁福",0.813145252078763,0.00106930440671708,"K","4th Session"
"楊作洲",1.04649101864487,0.00106930440671708,"K","4th Session"
"楊吉雄",0.872405950660855,0.00106930440671708,"K","4th Session"
"楊文欣",0.99426201676741,0.00106930440671708,"K","4th Session"
"楊瓊瓔",0.8090848042423,0.00106930440671708,"K","4th Session"
"楊秋興",-1.48586620278804,0.00106930440671708,"D","4th Session"
"江綺雯",1.03879837620168,0.00106930440671708,"K","4th Session"
"沈富雄",-1.52444342325487,0.00106930440671708,"D","4th Session"
"沈智慧",0.454295525795786,0.00106930440671708,"K","4th Session"
"洪奇昌",-1.55942161627869,0.00106930440671708,"D","4th Session"
"洪性榮",0.667372212105469,0.00106930440671708,"K","4th Session"
"洪昭男",0.940086382960937,0.00106930440671708,"K","4th Session"
"洪玉欽",1.09177945212085,0.00106930440671708,"K","4th Session"
"洪秀柱",1.08280214441731,0.00106930440671708,"K","4th Session"
"洪讀",0.925877045766478,0.00106930440671708,"K","4th Session"
"游月霞",0.947463619162865,0.00106930440671708,"K","4th Session"
"游淮銀",1.02986444116213,0.00106930440671708,"K","4th Session"
"湯金全",-1.55636903071016,0.00106930440671708,"D","4th Session"
"潘維剛",1.04279469914799,0.00106930440671708,"K","4th Session"
"王世勛",-1.42273636277466,0.00106930440671708,"D","4th Session"
"王令麟",0.750983342006983,0.00106930440671708,"K","4th Session"
"王兆釧",-1.32580353712481,0.00106930440671708,"D","4th Session"
"王天競",0.78864088621574,0.00106930440671708,"K","4th Session"
"王幸男",-1.49549852584152,0.00106930440671708,"D","4th Session"
"王拓",-1.52100680754935,0.00106930440671708,"D","4th Session"
"王昱婷",0.62470633978277,0.00106930440671708,"K","4th Session"
"王金平",-0.1744373113359,0.00106930440671708,"K","4th Session"
"王雪峰",-1.61060997126508,0.00106930440671708,"D","4th Session"
"王麗萍",-1.45802427725483,0.00106930440671708,"D","4th Session"
"瓦歷斯貝林",0.37629283377644,0.00106930440671708,"N","4th Session"
"秦慧珠",0.421486796321757,0.00106930440671708,"K","4th Session"
"翁重鈞",0.854816802834257,0.00106930440671708,"K","4th Session"
"翁金珠",-1.46981367553606,0.00106930440671708,"D","4th Session"
"范巽綠",-1.35350151288626,0.00106930440671708,"D","4th Session"
"范揚盛",0.931428412027859,0.00106930440671708,"K","4th Session"
"葉宜津",-1.57949360677869,0.00106930440671708,"D","4th Session"
"葉憲修",-0.0707756516084825,0.00106930440671708,"N","4th Session"
"葉菊蘭",-1.04536268649101,0.00106930440671708,"D","4th Session"
"蔡中涵",0.646640284590863,0.00106930440671708,"N","4th Session"
"蔡同榮",-1.50208020277834,0.00106930440671708,"D","4th Session"
"蔡家福",0.720313438403218,0.00106930440671708,"K","4th Session"
"蔡明憲",-1.51967711002624,0.00106930440671708,"D","4th Session"
"蔡煌瑯",-1.5127689238001,0.00106930440671708,"D","4th Session"
"蔡豪",0.732679624939716,0.00106930440671708,"O1","4th Session"
"蔡鈴蘭",1.01353441849021,0.00106930440671708,"K","4th Session"
"許榮淑",-1.47798186207221,0.00106930440671708,"D","4th Session"
"許添財",-1.44706723292648,0.00106930440671708,"O4","4th Session"
"許登宮",0.729923012776222,0.00106930440671708,"K","4th Session"
"許素葉",1.11872067799545,0.00106930440671708,"K","4th Session"
"許舒博",0.954583956740833,0.00106930440671708,"K","4th Session"
"許鍾碧霞",-1.53354019703577,0.00106930440671708,"D","4th Session"
"趙永清",-0.0538881299728719,0.00106930440671708,"K","4th Session"
"邱創良",0.511882740159507,0.00106930440671708,"O1","4th Session"
"邱垂貞",-1.50123791817343,0.00106930440671708,"D","4th Session"
"邱太三",-1.56116682838698,0.00106930440671708,"D","4th Session"
"邱鏡淳",1.14461455680281,0.00106930440671708,"K","4th Session"
"郝龍斌",-0.201831374048586,0.00106930440671708,"k2","4th Session"
"郭廷才",0.799172023200533,0.00106930440671708,"K","4th Session"
"郭榮振",0.779156945853775,0.00106930440671708,"K","4th Session"
"郭素春",0.89928235071252,0.00106930440671708,"K","4th Session"
"鄭寶清",-1.37627699289477,0.00106930440671708,"D","4th Session"
"鄭朝明",-1.48969646773168,0.00106930440671708,"D","4th Session"
"鄭永金",1.02344535216116,0.00106930440671708,"K","4th Session"
"鄭逢時",1.07546746903831,0.00106930440671708,"K","4th Session"
"鄭金玲",0.637124069981145,0.00106930440671708,"K","4th Session"
"鄭龍水",-0.194994370453454,0.00106930440671708,"k2","4th Session"
"陳健治",1.04311822846168,0.00106930440671708,"K","4th Session"
"陳傑儒",0.995304543901173,0.00106930440671708,"K","4th Session"
"陳其邁",-1.546426002029,0.00106930440671708,"D","4th Session"
"陳勝宏",-1.49508035708249,0.00106930440671708,"D","4th Session"
"陳學聖",0.411664447864078,0.00106930440671708,"K","4th Session"
"陳宏昌",1.00108327436056,0.00106930440671708,"K","4th Session"
"陳定南",-1.3059371519248,0.00106930440671708,"D","4th Session"
"陳忠信",-1.53939819681589,0.00106930440671708,"D","4th Session"
"陳振盛",-0.167429836005259,0.00106930440671708,"O1","4th Session"
"陳振雄",0.867951540071012,0.00106930440671708,"K","4th Session"
"陳明文",0.807371714817874,0.00106930440671708,"K","4th Session"
"陳昭南",-1.48429370249539,0.00106930440671708,"D","4th Session"
"陳景峻",-1.54360542599254,0.00106930440671708,"D","4th Session"
"陳朝容",0.608313856081997,0.00106930440671708,"K","4th Session"
"陳根德",0.931629669898055,0.00106930440671708,"K","4th Session"
"陳榮盛",0.980085583606979,0.00106930440671708,"K","4th Session"
"陳清寶",1.14239263344645,0.00106930440671708,"K","4th Session"
"陳瓊讚",0.788078864858248,0.00106930440671708,"K","4th Session"
"陳超明",0.638810963305015,0.00106930440671708,"O1","4th Session"
"陳進丁",0.414631640228582,0.00106930440671708,"O5","4th Session"
"陳鴻基",0.822492547381291,0.00106930440671708,"K","4th Session"
"靳曾珍麗",1.06357110325029,0.00106930440671708,"K","4th Session"
"章仁香",0.926557451991328,0.00106930440671708,"K","4th Session"
"馮定國",-0.15644914848129,0.00106930440671708,"k2","4th Session"
"馮滬祥",-0.236551477584341,0.00106930440671708,"k2","4th Session"
"高揚昇",0.65440558115416,0.00106930440671708,"K","4th Session"
"高育仁",1.07884563968889,0.00106930440671708,"K","4th Session"
"黃敏惠",0.79515093424715,0.00106930440671708,"K","4th Session"
"黃明和",0.449249261548052,0.00106930440671708,"O1","4th Session"
"黃昭順",0.662620217118761,0.00106930440671708,"K","4th Session"
"黃木添",1.01176516925684,0.00106930440671708,"K","4th Session"
"黃爾璇",-1.53442288570227,0.00106930440671708,"D","4th Session"
"黃秀孟",1.00143456687142,0.00106930440671708,"K","4th Session"
"黃義交",0.356447673402058,0.00106930440671708,"O1","4th Session"
"黃顯洲",0.924283981291403,0.00106930440671708,"K","4th Session"
"何敏豪",-1.65068378525332,0.0015860532394045,"T","5th Session"
"何智輝",1.61295408252302,0.0015860532394045,"K","5th Session"
"何金松",-2.24538131668334,0.0015860532394045,"D","5th Session"
"余政道",-1.66610487257308,0.0015860532394045,"D","5th Session"
"侯彩鳳",1.52048437778986,0.0015860532394045,"K","5th Session"
"侯水盛",-1.88864813080872,0.0015860532394045,"D","5th Session"
"傅崑萁",1.62063882564941,0.0015860532394045,"P","5th Session"
"劉世芳",-1.28570410627251,0.0015860532394045,"D","5th Session"
"劉俊雄",-1.88657260708907,0.0015860532394045,"D","5th Session"
"劉憶如",1.43625523557643,0.0015860532394045,"P","5th Session"
"劉政鴻",1.75517709358442,0.0015860532394045,"K","5th Session"
"劉文雄",1.66346520171026,0.0015860532394045,"P","5th Session"
"劉松藩",1.76595005713645,0.0015860532394045,"P","5th Session"
"劉銓忠",1.5139912483791,0.0015860532394045,"K","5th Session"
"卓伯源",1.40813550969502,0.0015860532394045,"K","5th Session"
"卓榮泰",-1.73940880353108,0.0015860532394045,"D","5th Session"
"吳成典",1.57394938835484,0.0015860532394045,"P","5th Session"
"吳敦義",1.3716311519673,0.0015860532394045,"K","5th Session"
"吳東昇",-1.66047136032717,0.0015860532394045,"T","5th Session"
"呂學樟",1.77678541080185,0.0015860532394045,"P","5th Session"
"呂新民",0.699987324472784,0.0015860532394045,"K","5th Session"
"周伯倫",-1.65865009959739,0.0015860532394045,"D","5th Session"
"周慧瑛",-1.99359084607109,0.0015860532394045,"D","5th Session"
"周清玉",-1.9028394453717,0.0015860532394045,"D","5th Session"
"周錫瑋",1.66083944537463,0.0015860532394045,"P","5th Session"
"周雅淑",-1.80847110037353,0.0015860532394045,"D","5th Session"
"唐碧娥",-1.81826004561907,0.0015860532394045,"D","5th Session"
"孫國華",1.73343419414716,0.0015860532394045,"K","5th Session"
"孫大千",1.42516201814313,0.0015860532394045,"P","5th Session"
"尤清",-1.91873128125475,0.0015860532394045,"D","5th Session"
"廖國棟",1.72638174135105,0.0015860532394045,"K","5th Session"
"廖婉汝",1.40559502947474,0.0015860532394045,"K","5th Session"
"廖本煙",-1.51020362308585,0.0015860532394045,"T","5th Session"
"廖風德",1.73804555598106,0.0015860532394045,"K","5th Session"
"龐建國",1.73482947830612,0.0015860532394045,"P","5th Session"
"張俊宏",-1.76006458697565,0.0015860532394045,"D","5th Session"
"張學舜",-1.76739474340016,0.0015860532394045,"D","5th Session"
"張川田",-1.87629981484858,0.0015860532394045,"D","5th Session"
"張旭成",-1.97470668639121,0.0015860532394045,"D","5th Session"
"張昌財",1.65910839190401,0.0015860532394045,"K","5th Session"
"張清芳",-2.38219917290925,0.0015860532394045,"D","5th Session"
"張秀珍",-1.86322534053057,0.0015860532394045,"D","5th Session"
"張花冠",-1.80621186106618,0.0015860532394045,"D","5th Session"
"張蔡美",1.60030441478387,0.0015860532394045,"K","5th Session"
"彭添富",-1.76568774015485,0.0015860532394045,"D","5th Session"
"徐中雄",1.08849995880972,0.0015860532394045,"K","5th Session"
"徐少萍",1.60521707890869,0.0015860532394045,"K","5th Session"
"徐志明",-1.64867543729795,0.0015860532394045,"D","5th Session"
"徐耀昌",1.63974539983615,0.0015860532394045,"P","5th Session"
"曹原彰",1.76705102200012,0.0015860532394045,"P","5th Session"
"曹啟鴻",-1.74056827954459,0.0015860532394045,"D","5th Session"
"曾永權",1.73782887724371,0.0015860532394045,"K","5th Session"
"曾華德",1.31236923200557,0.0015860532394045,"K","5th Session"
"曾蔡美佐",1.21738362684645,0.0015860532394045,"K","5th Session"
"朱星羽",-0.421697644997794,0.0015860532394045,"D","5th Session"
"朱鳳芝",1.4386828865745,0.0015860532394045,"K","5th Session"
"李俊毅",-1.80755584413161,0.0015860532394045,"D","5th Session"
"李全教",1.56815952437287,0.0015860532394045,"K","5th Session"
"李和順",1.67694812300613,0.0015860532394045,"K","5th Session"
"李嘉進",1.73057154189395,0.0015860532394045,"K","5th Session"
"李慶安",1.53242824632323,0.0015860532394045,"P","5th Session"
"李慶華",1.74148648615529,0.0015860532394045,"P","5th Session"
"李文忠",-1.61112593533643,0.0015860532394045,"D","5th Session"
"李明憲",-1.78249901193236,0.0015860532394045,"D","5th Session"
"李桐豪",1.78108815608664,0.0015860532394045,"P","5th Session"
"李永萍",1.49001093973958,0.0015860532394045,"P","5th Session"
"李鎮楠",-1.76610094556974,0.0015860532394045,"D","5th Session"
"李雅景",1.54337773626896,0.0015860532394045,"K","5th Session"
"李顯榮",1.54003286048557,0.0015860532394045,"K","5th Session"
"李鴻鈞",1.6656077116857,0.0015860532394045,"P","5th Session"
"杜文卿",-1.65387060911688,0.0015860532394045,"D","5th Session"
"林南生",1.29667353517981,0.0015860532394045,"K","5th Session"
"林國華",-2.28411653685165,0.0015860532394045,"D","5th Session"
"林岱樺",-1.75040704893969,0.0015860532394045,"D","5th Session"
"林德福",1.7289497497798,0.0015860532394045,"P","5th Session"
"林志隆",-1.46156651608772,0.0015860532394045,"T","5th Session"
"林忠正",-1.69621960648809,0.0015860532394045,"D","5th Session"
"林惠官",1.70047022940943,0.0015860532394045,"P","5th Session"
"林政義",1.75395213928244,0.0015860532394045,"P","5th Session"
"林文郎",-1.72622162705958,0.0015860532394045,"D","5th Session"
"林春德",1.7724730845198,0.0015860532394045,"P","5th Session"
"林正二",1.78124013253091,0.0015860532394045,"P","5th Session"
"林濁水",-1.70321090144517,0.0015860532394045,"D","5th Session"
"林炳坤",1.04237341602433,0.0015860532394045,"K","5th Session"
"林益世",1.68890267341886,0.0015860532394045,"K","5th Session"
"林育生",-1.81578049577905,0.0015860532394045,"D","5th Session"
"林豐喜",-1.744353949294,0.0015860532394045,"D","5th Session"
"林進春",1.44886659409736,0.0015860532394045,"K","5th Session"
"林進興",-1.73424655750803,0.0015860532394045,"D","5th Session"
"林郁方",1.55551997091699,0.0015860532394045,"P","5th Session"
"林重謨",-2.64431710803626,0.0015860532394045,"D","5th Session"
"柯建銘",-1.61837000023224,0.0015860532394045,"D","5th Session"
"柯淑敏",1.75304956418895,0.0015860532394045,"P","5th Session"
"梁牧養",-1.82002077815741,0.0015860532394045,"D","5th Session"
"楊仁福",1.20975042350239,0.0015860532394045,"K","5th Session"
"楊富美",1.73452506902453,0.0015860532394045,"P","5th Session"
"楊文欣",0.00512755968504176,0.0015860532394045,"K","5th Session"
"楊瓊瓔",1.61704248747419,0.0015860532394045,"K","5th Session"
"楊麗環",1.25392512369586,0.0015860532394045,"K","5th Session"
"段宜康",-1.72352102031038,0.0015860532394045,"D","5th Session"
"殷乃平",1.72488193384962,0.0015860532394045,"P","5th Session"
"江丙坤",1.67605599168673,0.0015860532394045,"K","5th Session"
"江昭儀",-1.93623524303061,0.0015860532394045,"D","5th Session"
"江綺雯",1.54893951729007,0.0015860532394045,"K","5th Session"
"沈富雄",-1.75682358798392,0.0015860532394045,"D","5th Session"
"沈智慧",1.74465605603977,0.0015860532394045,"P","5th Session"
"洪奇昌",-1.66910147430972,0.0015860532394045,"D","5th Session"
"洪昭男",1.48489520856543,0.0015860532394045,"K","5th Session"
"洪秀柱",1.53839483497153,0.0015860532394045,"K","5th Session"
"游月霞",1.72099692896288,0.0015860532394045,"K","5th Session"
"湯火聖",-2.28250811694008,0.0015860532394045,"D","5th Session"
"湯金全",-1.74498365681092,0.0015860532394045,"D","5th Session"
"王幸男",-2.3804230613676,0.0015860532394045,"D","5th Session"
"王拓",-1.66078063831098,0.0015860532394045,"D","5th Session"
"王政中",-1.59839450491025,0.0015860532394045,"T","5th Session"
"王昱婷",0.904360837600916,0.0015860532394045,"K","5th Session"
"王淑慧",-2.58472220423672,0.0015860532394045,"D","5th Session"
"王金平",0.183934323397882,0.0015860532394045,"K","5th Session"
"王鍾渝",1.27171702702749,0.0015860532394045,"K","5th Session"
"王雪峯",-1.88651832230505,0.0015860532394045,NA,"5th Session"
"瓦歷斯貝林",0.401527172015196,0.0015860532394045,"O2","5th Session"
"盧博基",-1.82415875651993,0.0015860532394045,"D","5th Session"
"盧秀燕",1.68115161075976,0.0015860532394045,"K","5th Session"
"秦慧珠",1.7550365498192,0.0015860532394045,"P","5th Session"
"程振隆",-1.59450986289977,0.0015860532394045,"T","5th Session"
"穆閩珠",1.73819817728302,0.0015860532394045,"K","5th Session"
"簡肇棟",-1.74853138856503,0.0015860532394045,"D","5th Session"
"紀國棟",1.58472123564974,0.0015860532394045,"K","5th Session"
"羅世雄",1.21279175294911,0.0015860532394045,"K","5th Session"
"羅志明",-1.41859287702388,0.0015860532394045,"T","5th Session"
"羅文嘉",-1.66089174422187,0.0015860532394045,"D","5th Session"
"羅明才",1.40264658586589,0.0015860532394045,"K","5th Session"
"葉宜津",-1.65908905212135,0.0015860532394045,"D","5th Session"
"蔡中涵",1.75451372286566,0.0015860532394045,"P","5th Session"
"蔡同榮",-2.10435973899963,0.0015860532394045,"D","5th Session"
"蔡家福",1.1364122143994,0.0015860532394045,"K","5th Session"
"蔡啟芳",-1.88882170140056,0.0015860532394045,"D","5th Session"
"蔡正元",1.57267985348002,0.0015860532394045,"K","5th Session"
"蔡煌瑯",-1.73332613438454,0.0015860532394045,"D","5th Session"
"蔡豪",0.83755199033577,0.0015860532394045,"O1","5th Session"
"蔡鈴蘭",1.7521420354629,0.0015860532394045,"K","5th Session"
"蕭美琴",-1.77653174570841,0.0015860532394045,"D","5th Session"
"藍美津",-2.12659243256194,0.0015860532394045,"D","5th Session"
"蘇嘉富",-0.0915625599223268,0.0015860532394045,NA,"5th Session"
"蘇治芬",-1.83556809980625,0.0015860532394045,"D","5th Session"
"蘇盈貴",-1.05136286218656,0.0015860532394045,"T","5th Session"
"許榮淑",-1.67132295873654,0.0015860532394045,"D","5th Session"
"許淵國",1.65793433431229,0.0015860532394045,"P","5th Session"
"許登宮",-1.44538151215075,0.0015860532394045,"T","5th Session"
"許舒博",1.67917378334551,0.0015860532394045,"K","5th Session"
"謝明源",-1.7469269699381,0.0015860532394045,"D","5th Session"
"謝鈞惠",1.29541303622362,0.0015860532394045,"P","5th Session"
"謝章捷",1.72210124298392,0.0015860532394045,"P","5th Session"
"賴勁麟",-1.68065321283811,0.0015860532394045,"D","5th Session"
"賴清德",-1.5692767681886,0.0015860532394045,"D","5th Session"
"趙永清",-1.71430126674543,0.0015860532394045,"D","5th Session"
"趙良燕",1.73809384453155,0.0015860532394045,"P","5th Session"
"邱創良",0.630033492300222,0.0015860532394045,"O1","5th Session"
"邱創進",-1.75104366440753,0.0015860532394045,"D","5th Session"
"邱垂貞",-1.75384828760367,0.0015860532394045,"D","5th Session"
"邱太三",-1.80839445329614,0.0015860532394045,"D","5th Session"
"邱彰",-1.16580954250552,0.0015860532394045,"D","5th Session"
"邱毅",1.76768585007971,0.0015860532394045,"P","5th Session"
"邱永仁",-1.75904953625451,0.0015860532394045,"D","5th Session"
"邱議瑩",-1.71345222933913,0.0015860532394045,"D","5th Session"
"邱鏡淳",1.61815712641016,0.0015860532394045,"K","5th Session"
"郭俊銘",-1.82754516454321,0.0015860532394045,"D","5th Session"
"郭榮宗",-2.54652220809876,0.0015860532394045,"D","5th Session"
"郭正亮",-1.75469107355733,0.0015860532394045,"D","5th Session"
"郭添財",1.63725222618476,0.0015860532394045,"K","5th Session"
"郭玟成",-1.81294948163114,0.0015860532394045,"D","5th Session"
"鄭三元",1.76353189675765,0.0015860532394045,"P","5th Session"
"鄭余鎮",-0.0467540288647286,0.0015860532394045,"D","5th Session"
"鄭國忠",-1.76721730864939,0.0015860532394045,"D","5th Session"
"鄭志龍",1.42496362915413,0.0015860532394045,"P","5th Session"
"鄭朝明",-2.47545440552734,0.0015860532394045,"D","5th Session"
"鄭美蘭",1.77303661478767,0.0015860532394045,"P","5th Session"
"鄭貴蓮",-1.74743548203905,0.0015860532394045,"D","5th Session"
"鄭逢時",1.68856522336208,0.0015860532394045,"K","5th Session"
"鄭金玲",1.59872790768123,0.0015860532394045,"P","5th Session"
"錢林慧君",-1.43807394999089,0.0015860532394045,"T","5th Session"
"鍾榮吉",1.66357553509799,0.0015860532394045,"P","5th Session"
"鍾紹和",1.76565642834616,0.0015860532394045,"P","5th Session"
"鍾金江",-0.0915625599223268,0.0015860532394045,NA,"5th Session"
"關沃暖",1.69135151938891,0.0015860532394045,"K","5th Session"
"陳健民",1.76150930859459,0.0015860532394045,"K","5th Session"
"陳健治",1.48186102641146,0.0015860532394045,"K","5th Session"
"陳其邁",-1.5969861109672,0.0015860532394045,"D","5th Session"
"陳劍松",1.74513211609667,0.0015860532394045,"P","5th Session"
"陳勝宏",-1.77571248644791,0.0015860532394045,"D","5th Session"
"陳唐山",-1.72380418924585,0.0015860532394045,"D","5th Session"
"陳學聖",1.62211070504621,0.0015860532394045,"K","5th Session"
"陳宏昌",1.02884480324189,0.0015860532394045,"K","5th Session"
"陳宗義",-1.68500605212462,0.0015860532394045,"D","5th Session"
"陳建銘",-1.6011796160229,0.0015860532394045,"T","5th Session"
"陳志彬",1.30004369158768,0.0015860532394045,"P","5th Session"
"陳忠信",-1.67627155716946,0.0015860532394045,"D","5th Session"
"陳文茜",0.817169613180583,0.0015860532394045,"P","5th Session"
"陳景峻",-1.8274253168105,0.0015860532394045,"D","5th Session"
"陳朝龍",-1.86112003076811,0.0015860532394045,"D","5th Session"
"陳杰",1.58629183804366,0.0015860532394045,"K","5th Session"
"陳根德",1.46439118175746,0.0015860532394045,"K","5th Session"
"陳茂男",-1.76352170026723,0.0015860532394045,"D","5th Session"
"陳進丁",1.22742661298702,0.0015860532394045,"K","5th Session"
"陳進興",1.62562702085748,0.0015860532394045,"P","5th Session"
"陳道明",-1.88814808412043,0.0015860532394045,"D","5th Session"
"陳金德",-1.69037020398021,0.0015860532394045,"D","5th Session"
"陳麗惠",1.13584509218369,0.0015860532394045,"K","5th Session"
"章仁香",1.66930624103042,0.0015860532394045,"K","5th Session"
"章孝嚴",1.36307021288433,0.0015860532394045,"K","5th Session"
"顏清標",1.07351178184707,0.0015860532394045,"O1","5th Session"
"顏錦福",-1.79832490660098,0.0015860532394045,"D","5th Session"
"顧崇廉",1.54286896162019,0.0015860532394045,"P","5th Session"
"饒穎奇",1.73897419342706,0.0015860532394045,"K","5th Session"
"馮定國",1.45779244112393,0.0015860532394045,"P","5th Session"
"高仲源",1.62001229084703,0.0015860532394045,"K","5th Session"
"高孟定",-1.07697637265629,0.0015860532394045,"O1","5th Session"
"高志鵬",-1.76025129461556,0.0015860532394045,"D","5th Session"
"高明見",1.72440968781816,0.0015860532394045,"P","5th Session"
"高育仁",1.35777385354746,0.0015860532394045,"K","5th Session"
"高金素梅",1.19130342732654,0.0015860532394045,"O1","5th Session"
"魏明谷",-1.63731714888572,0.0015860532394045,"D","5th Session"
"黃健庭",1.33138971242485,0.0015860532394045,"K","5th Session"
"黃宗源",-1.48939296152006,0.0015860532394045,"T","5th Session"
"黃德福",1.64939675100651,0.0015860532394045,"K","5th Session"
"黃政哲",-1.51905611175458,0.0015860532394045,"T","5th Session"
"黃敏惠",1.420113677239,0.0015860532394045,"K","5th Session"
"黃昭順",1.75411136034662,0.0015860532394045,"K","5th Session"
"黃義交",1.7339500087229,0.0015860532394045,"P","5th Session"
"丁守中",1.22926452819753,0.00103835653780161,"K","6th Session"
"尹伶瑛",-0.872427033857888,0.00103835653780161,"T","6th Session"
"伍錦霖",1.2793622031637,0.00103835653780161,"K","6th Session"
"何敏豪",-0.877902431153607,0.00103835653780161,"T","6th Session"
"何智輝",1.27081449344948,0.00103835653780161,"K","6th Session"
"余政道",-1.4889526613243,0.00103835653780161,"D","6th Session"
"侯彩鳳",1.27669015705655,0.00103835653780161,"K","6th Session"
"侯水盛",-1.47947773380403,0.00103835653780161,"D","6th Session"
"傅崐萁",1.27925437497173,0.00103835653780161,"P","6th Session"
"劉寬平",-0.769351504299826,0.00103835653780161,"T","6th Session"
"劉憶如",0.951964308705075,0.00103835653780161,"P","6th Session"
"劉政鴻",0.905503543239671,0.00103835653780161,"K","6th Session"
"劉文雄",0.94217794794537,0.00103835653780161,"P","6th Session"
"劉盛良",1.27956372781802,0.00103835653780161,"K","6th Session"
"劉銓忠",1.12518871848597,0.00103835653780161,"K","6th Session"
"卓伯源",0.912657222134722,0.00103835653780161,"K","6th Session"
"吳光訓",1.28415748700477,0.00103835653780161,"K","6th Session"
"吳富貴",-1.31758598690765,0.00103835653780161,"D","6th Session"
"吳富貴　",-0.208809495690907,0.00103835653780161,NA,"6th Session"
"吳志揚",1.2857687961783,0.00103835653780161,"K","6th Session"
"吳成典",1.3712658996385,0.00103835653780161,"K","6th Session"
"吳敦義",1.27934242488025,0.00103835653780161,"K","6th Session"
"吳明敏",-1.42949708858618,0.00103835653780161,"D","6th Session"
"吳松柏",1.28138615154295,0.00103835653780161,"K","6th Session"
"吳清池",1.12280101502638,0.00103835653780161,"P","6th Session"
"吳秉叡",-1.36195077133007,0.00103835653780161,"D","6th Session"
"吳育昇",1.21543668057313,0.00103835653780161,"K","6th Session"
"吳英毅",1.28504303811913,0.00103835653780161,"K","6th Session"
"呂學樟",1.206647447694,0.00103835653780161,"P","6th Session"
"周守訓",1.15645724308247,0.00103835653780161,"K","6th Session"
"周錫瑋",0.907966439183362,0.00103835653780161,"K","6th Session"
"唐碧娥",-1.46668655904628,0.00103835653780161,"D","6th Session"
"孔文吉",1.26539055329283,0.00103835653780161,"K","6th Session"
"孫大千",1.23613809800697,0.00103835653780161,"P","6th Session"
"尤清",-1.62800107149172,0.00103835653780161,"D","6th Session"
"帥化民",1.28630624633859,0.00103835653780161,"K","6th Session"
"廖國棟",1.16986307489832,0.00103835653780161,"K","6th Session"
"廖婉汝",1.14607002302467,0.00103835653780161,"K","6th Session"
"廖本煙",-0.836334164118815,0.00103835653780161,"T","6th Session"
"張俊雄",-1.29723203067818,0.00103835653780161,"D","6th Session"
"張川田",-1.35306327947667,0.00103835653780161,"D","6th Session"
"張慶忠",1.26569902511205,0.00103835653780161,"K","6th Session"
"張慶惠",-1.38457835645417,0.00103835653780161,"D","6th Session"
"張昌財",1.24773637190958,0.00103835653780161,"K","6th Session"
"張碩文",1.29009786422158,0.00103835653780161,"K","6th Session"
"張花冠",-1.39395413955771,0.00103835653780161,"D","6th Session"
"張顯耀",1.38035913113849,0.00103835653780161,"P","6th Session"
"張麗善",1.05467062432367,0.00103835653780161,"N","6th Session"
"彭添富",-1.44372409127909,0.00103835653780161,"D","6th Session"
"彭紹瑾",-1.64766755456834,0.00103835653780161,"D","6th Session"
"徐中雄",1.27104625310525,0.00103835653780161,"K","6th Session"
"徐國勇",-1.42583936215591,0.00103835653780161,"D","6th Session"
"徐少萍",1.13118748989331,0.00103835653780161,"K","6th Session"
"徐志明",-0.946289275876611,0.00103835653780161,"D","6th Session"
"徐耀昌",1.27118307687838,0.00103835653780161,"P","6th Session"
"曹來旺",-1.35663621578768,0.00103835653780161,"D","6th Session"
"曹壽民",1.26907120147396,0.00103835653780161,"K","6th Session"
"曹爾忠",1.36762740163079,0.00103835653780161,"K","6th Session"
"曾永權",1.28632648682113,0.00103835653780161,"K","6th Session"
"曾燦燈",-0.823409354751545,0.00103835653780161,"T","6th Session"
"曾華德",1.22600746084661,0.00103835653780161,"K","6th Session"
"朱俊曉",1.1478256850326,0.00103835653780161,"K","6th Session"
"朱鳳芝",1.28525344292664,0.00103835653780161,"K","6th Session"
"李俊毅",-1.36878373032523,0.00103835653780161,"D","6th Session"
"李全教",1.28554770899437,0.00103835653780161,"K","6th Session"
"李和順",0.807978720809574,0.00103835653780161,"N","6th Session"
"李嘉進",1.27714588342098,0.00103835653780161,"K","6th Session"
"李復甸",1.14010927641152,0.00103835653780161,"P","6th Session"
"李復興",1.28715781772388,0.00103835653780161,"K","6th Session"
"李慶安",1.29121485574661,0.00103835653780161,"P","6th Session"
"李慶華",1.04393055084892,0.00103835653780161,"K","6th Session"
"李敖",1.12416250608183,0.00103835653780161,NA,"6th Session"
"李文忠",-1.51169539920119,0.00103835653780161,"D","6th Session"
"李昆澤",-1.63914724922557,0.00103835653780161,"D","6th Session"
"李明憲",-1.56666143494072,0.00103835653780161,"D","6th Session"
"李永萍",1.22491149588544,0.00103835653780161,"P","6th Session"
"李紀珠",1.27966218348949,0.00103835653780161,"K","6th Session"
"李鎮楠",-1.63709676913764,0.00103835653780161,"D","6th Session"
"李顯榮",0.683921100919204,0.00103835653780161,"K","6th Session"
"李鴻鈞",1.24620472719867,0.00103835653780161,"P","6th Session"
"杜文卿",-1.42079531624363,0.00103835653780161,"D","6th Session"
"林南生",1.29038876721582,0.00103835653780161,"K","6th Session"
"林國慶",-1.52564084889217,0.00103835653780161,"D","6th Session"
"林岱樺",-1.26117477661655,0.00103835653780161,"D","6th Session"
"林建榮",0.990561709300957,0.00103835653780161,"K","6th Session"
"林德福",1.27734663009195,0.00103835653780161,"P","6th Session"
"林志嘉",-0.747841677584988,0.00103835653780161,"T","6th Session"
"林惠官",1.21647623961255,0.00103835653780161,"P","6th Session"
"林文郎",-1.4360805730711,0.00103835653780161,"D","6th Session"
"林春德",1.10846172591321,0.00103835653780161,"P","6th Session"
"林樹山",-1.17957637226436,0.00103835653780161,"D","6th Session"
"林正二",1.28380052420972,0.00103835653780161,"P","6th Session"
"林正峰",1.2921912703898,0.00103835653780161,"K","6th Session"
"林淑芬",-1.37515953537941,0.00103835653780161,"D","6th Session"
"林滄敏",1.27426174315943,0.00103835653780161,"K","6th Session"
"林濁水",-1.42068194257653,0.00103835653780161,"D","6th Session"
"林炳坤",1.07664146783017,0.00103835653780161,"N","6th Session"
"林為洲",-1.2710986761153,0.00103835653780161,"D","6th Session"
"林益世",1.27621616316763,0.00103835653780161,"K","6th Session"
"林耘生",-1.51462529597455,0.00103835653780161,"D","6th Session"
"林育生",-1.46507167805807,0.00103835653780161,"D","6th Session"
"林進興",-1.4335460102481,0.00103835653780161,"D","6th Session"
"林郁方",1.25917886351013,0.00103835653780161,"P","6th Session"
"林重謨",-1.53832193863427,0.00103835653780161,"D","6th Session"
"林鴻池",1.27919745732318,0.00103835653780161,"K","6th Session"
"柯俊雄",1.28698056533224,0.00103835653780161,"K","6th Session"
"柯建銘",-1.19164149118606,0.00103835653780161,"D","6th Session"
"柯淑敏",1.39001367774829,0.00103835653780161,"P","6th Session"
"梅長錡",1.18985646683092,0.00103835653780161,"P","6th Session"
"楊仁福",1.06308981720457,0.00103835653780161,"K","6th Session"
"楊宗哲",1.00857571247713,0.00103835653780161,"N","6th Session"
"楊瓊瓔",1.28271193150983,0.00103835653780161,"K","6th Session"
"楊芳婉",-1.17303066127991,0.00103835653780161,"D","6th Session"
"楊麗環",1.14806621069016,0.00103835653780161,"K","6th Session"
"江丙坤",1.12775338571681,0.00103835653780161,"K","6th Session"
"江昭儀",-1.44589073566026,0.00103835653780161,"D","6th Session"
"江義雄",1.17979999550487,0.00103835653780161,"K","6th Session"
"江連福",1.27910490264278,0.00103835653780161,"K","6th Session"
"沈智慧",1.24622647660916,0.00103835653780161,"P","6th Session"
"沈發惠",-1.44150157362642,0.00103835653780161,"D","6th Session"
"洪奇昌",-1.44310988397796,0.00103835653780161,"D","6th Session"
"洪玉欽",1.27250349149451,0.00103835653780161,"K","6th Session"
"洪秀柱",1.28085195532032,0.00103835653780161,"K","6th Session"
"湯火聖",-1.47233953293225,0.00103835653780161,"D","6th Session"
"潘孟安",-1.63426470255741,0.00103835653780161,"D","6th Session"
"潘維剛",1.2746900004131,0.00103835653780161,"K","6th Session"
"王世勛",-1.51850412826327,0.00103835653780161,"D","6th Session"
"王世堅",-1.42416521328255,0.00103835653780161,"D","6th Session"
"王塗發",-1.62531842533796,0.00103835653780161,"D","6th Session"
"王幸男",-1.43701859723446,0.00103835653780161,"D","6th Session"
"王拓",-1.39559548615157,0.00103835653780161,"D","6th Session"
"王昱婷",1.26763482247594,0.00103835653780161,"K","6th Session"
"王榮璋",-1.71832983415235,0.00103835653780161,"D","6th Session"
"王淑慧",-1.69043845872451,0.00103835653780161,"D","6th Session"
"王金平",-0.044990503949344,0.00103835653780161,"K","6th Session"
"田秋堇",-1.236353798077,0.00103835653780161,"D","6th Session"
"白添枝",1.1357057331232,0.00103835653780161,"K","6th Session"
"盧博基",-1.32352733564306,0.00103835653780161,"D","6th Session"
"盧天麟",-1.34967569102189,0.00103835653780161,"D","6th Session"
"盧秀燕",1.00172446902453,0.00103835653780161,"K","6th Session"
"管碧玲",-1.35383472439342,0.00103835653780161,"D","6th Session"
"紀國棟",1.27924483319766,0.00103835653780161,"K","6th Session"
"羅世雄",1.13983051725199,0.00103835653780161,"K","6th Session"
"羅志明",-0.776250708896501,0.00103835653780161,"T","6th Session"
"羅明才",1.27658019722566,0.00103835653780161,"K","6th Session"
"羅淑蕾",0.567850522011165,0.00103835653780161,"K","6th Session"
"翁重鈞",1.24633636131773,0.00103835653780161,"K","6th Session"
"莊和子",-1.50432531935505,0.00103835653780161,"D","6th Session"
"莊碩漢",-1.32430931904173,0.00103835653780161,"D","6th Session"
"葉宜津",-1.42580999245527,0.00103835653780161,"D","6th Session"
"葉芳雄",1.28660512805502,0.00103835653780161,"K","6th Session"
"蔡其昌",-1.626029345332,0.00103835653780161,"D","6th Session"
"蔡勝佳",1.23244674685828,0.00103835653780161,"P","6th Session"
"蔡同榮",-1.61685968121789,0.00103835653780161,"D","6th Session"
"蔡家福",1.05767793319691,0.00103835653780161,"K","6th Session"
"蔡啟芳",-1.40760209168729,0.00103835653780161,"D","6th Session"
"蔡正元",1.28055273093245,0.00103835653780161,"K","6th Session"
"蔡煌瑯",-0.856713543787053,0.00103835653780161,"D","6th Session"
"蔡英文",-1.06490258923844,0.00103835653780161,"D","6th Session"
"蔡豪",0.948958901147594,0.00103835653780161,"N","6th Session"
"蔡錦隆",1.32005982269728,0.00103835653780161,"K","6th Session"
"蔣孝嚴",1.27687032339586,0.00103835653780161,"K","6th Session"
"蕭美琴",-1.49260670688861,0.00103835653780161,"D","6th Session"
"薛凌",-1.38218054977376,0.00103835653780161,"D","6th Session"
"藍美津",-1.61232264036696,0.00103835653780161,"D","6th Session"
"蘇起",1.27702814641017,0.00103835653780161,"K","6th Session"
"許德祥",-1.3649383475036,0.00103835653780161,"D","6th Session"
"許榮淑",-1.46166485153764,0.00103835653780161,"D","6th Session"
"許舒博",1.17583347666596,0.00103835653780161,"K","6th Session"
"謝國樑",1.28298055445722,0.00103835653780161,"P","6th Session"
"謝文政",1.28715781772388,0.00103835653780161,"K","6th Session"
"謝明源",-1.63851875761944,0.00103835653780161,"D","6th Session"
"謝欣霓",-1.6200595462928,0.00103835653780161,"D","6th Session"
"費鴻泰",1.21489383192484,0.00103835653780161,"K","6th Session"
"賴士葆",1.27154579620806,0.00103835653780161,"K","6th Session"
"賴幸媛",-0.792660459329816,0.00103835653780161,"T","6th Session"
"賴清德",-1.43338277953105,0.00103835653780161,"D","6th Session"
"趙永清",-1.22343928903403,0.00103835653780161,"D","6th Session"
"趙良燕",1.33084559819663,0.00103835653780161,"P","6th Session"
"邱創進",-1.63914724922557,0.00103835653780161,"D","6th Session"
"邱毅",1.05677264688599,0.00103835653780161,"K","6th Session"
"邱永仁",-1.45539126434407,0.00103835653780161,"D","6th Session"
"邱鏡淳",1.24591640115523,0.00103835653780161,"P","6th Session"
"郭俊銘",-1.64509814339982,0.00103835653780161,"D","6th Session"
"郭林勇",-0.802391753824692,0.00103835653780161,"T","6th Session"
"郭榮宗",-1.39556477441193,0.00103835653780161,"D","6th Session"
"郭正亮",-1.62203517483996,0.00103835653780161,"D","6th Session"
"郭玟成",-1.43208754976492,0.00103835653780161,"D","6th Session"
"郭素春",1.28665370896569,0.00103835653780161,"K","6th Session"
"鄭國忠",-1.57868905710614,0.00103835653780161,"D","6th Session"
"鄭朝明",-1.39623900394341,0.00103835653780161,"D","6th Session"
"鄭運鵬",-1.63788902875937,0.00103835653780161,"D","6th Session"
"鄭金玲",0.996015642674028,0.00103835653780161,"P","6th Session"
"鍾榮吉",1.13492884334518,0.00103835653780161,"P","6th Session"
"鍾紹和",1.05184077700826,0.00103835653780161,"P","6th Session"
"陳宗仁",-0.420264732743095,0.00103835653780161,"D","6th Session"
"陳志彬",1.01461733219116,0.00103835653780161,"P","6th Session"
"陳憲中",-1.42401691463192,0.00103835653780161,"D","6th Session"
"陳啟昱",-1.63721336713888,0.00103835653780161,"D","6th Session"
"陳明真",-1.38508403158595,0.00103835653780161,"D","6th Session"
"陳景峻",-1.24049258371616,0.00103835653780161,"D","6th Session"
"陳朝容",1.00785113649419,0.00103835653780161,"P","6th Session"
"陳朝龍",-1.64108717199597,0.00103835653780161,"D","6th Session"
"陳杰",1.27879385754107,0.00103835653780161,"K","6th Session"
"陳東榮",-1.12285575872329,0.00103835653780161,"D","6th Session"
"陳根德",1.11326853505351,0.00103835653780161,"K","6th Session"
"陳瑩",-1.46491519712969,0.00103835653780161,"D","6th Session"
"陳秀卿",1.13848696940946,0.00103835653780161,"K","6th Session"
"陳秀恵",-1.5101623783044,0.00103835653780161,"D","6th Session"
"陳秀惠",-0.309317173862279,0.00103835653780161,NA,"6th Session"
"陳進丁",0.909606474846279,0.00103835653780161,"N","6th Session"
"陳重信",-1.55104756085782,0.00103835653780161,"D","6th Session"
"陳金德",-1.37258843758296,0.00103835653780161,"D","6th Session"
"陳銀河",-0.823036918422408,0.00103835653780161,"T","6th Session"
"雷倩",1.22074788825491,0.00103835653780161,"K","6th Session"
"章仁香",1.19846708244582,0.00103835653780161,"K","6th Session"
"顏文章",-1.61134891966921,0.00103835653780161,"D","6th Session"
"顏清標",1.09770753138447,0.00103835653780161,"N","6th Session"
"顧崇廉",0.866030130259245,0.00103835653780161,"P","6th Session"
"馮定國",1.23647715448723,0.00103835653780161,"P","6th Session"
"高建智",-1.43242303412424,0.00103835653780161,"D","6th Session"
"高志鵬",-1.30650598749975,0.00103835653780161,"D","6th Session"
"高思博",1.12907911070202,0.00103835653780161,"P","6th Session"
"高金素梅",1.03861305106146,0.00103835653780161,"N","6th Session"
"魏明谷",-1.47635826029108,0.00103835653780161,"D","6th Session"
"黃偉哲",-1.86322077936495,0.00103835653780161,"D","6th Session"
"黃健庭",1.28077949021843,0.00103835653780161,"K","6th Session"
"黃劍輝",-1.20594145586173,0.00103835653780161,"D","6th Session"
"黃宗源",-0.836496685525895,0.00103835653780161,"T","6th Session"
"黃德福",1.14068327438421,0.00103835653780161,"K","6th Session"
"黃志雄",1.1419947398784,0.00103835653780161,"K","6th Session"
"黃政哲",-0.818600403931252,0.00103835653780161,"T","6th Session"
"黃敏惠",0.783705650486841,0.00103835653780161,"K","6th Session"
"黃昭輝",-1.62670106185981,0.00103835653780161,"D","6th Session"
"黃昭順",1.29363260200003,0.00103835653780161,"K","6th Session"
"黃淑英",-1.63891989211774,0.00103835653780161,"D","6th Session"
"黃義交",1.2328801793696,0.00103835653780161,"P","6th Session"
"黃良華",0.243243645572785,0.00103835653780161,"K","6th Session"
"黃誠",-1.2758057348552,0.00103835653780161,"D","6th Session"
"黃適卓",-0.858809140740598,0.00103835653780161,"T","6th Session"
" 劉建國",-0.642680837037582,0.00100540113027576,NA,"7th Session"
"#REF!",-0.676413602992644,0.00100540113027576,NA,"7th Session"
"丁守中",1.61112250790926,0.00100540113027576,"K","7th Session"
"余天",-3.08521033770157,0.00100540113027576,"D","7th Session"
"余政道",-2.9414138457114,0.00100540113027576,"D","7th Session"
"侯彩鳳",1.68275647637238,0.00100540113027576,"K","7th Session"
"傅崐萁",0.827548425728528,0.00100540113027576,"K","7th Session"
"劉建國",-3.15665266809644,0.00100540113027576,"K","7th Session"
"劉盛良",1.77661424067067,0.00100540113027576,"K","7th Session"
"劉銓忠",-0.0587573832076632,0.00100540113027576,"K","7th Session"
"吳志揚",1.06429508907046,0.00100540113027576,"K","7th Session"
"吳志揚　",-0.617255794718604,0.00100540113027576,NA,"7th Session"
"吳敦義",1.00549007830402,0.00100540113027576,"K","7th Session"
"吳清池",1.73458859916655,0.00100540113027576,"K","7th Session"
"吳育昇",1.58972081733666,0.00100540113027576,"K","7th Session"
"呂學樟",1.68560319228604,0.00100540113027576,"K","7th Session"
"周守訓",1.41258899913203,0.00100540113027576,"K","7th Session"
"孔文吉",1.70035699862948,0.00100540113027576,"K","7th Session"
"孫大千",1.47853556946817,0.00100540113027576,"K","7th Session"
"帥化民",1.6331815274858,0.00100540113027576,"K","7th Session"
"康世儒",-0.310341803708194,0.00100540113027576,"K","7th Session"
"廖國棟",1.60296747896006,0.00100540113027576,"K","7th Session"
"廖婉汝",1.72531382000268,0.00100540113027576,"K","7th Session"
"廖正井",0.948216050661633,0.00100540113027576,"K","7th Session"
"張嘉郡",0.984314977711529,0.00100540113027576,"K","7th Session"
"張慶忠",1.70542317690904,0.00100540113027576,"K","7th Session"
"張碩文",1.09637868782406,0.00100540113027576,"K","7th Session"
"張花冠",-2.40966687068487,0.00100540113027576,"D","7th Session"
"張顯耀",1.70773865932425,0.00100540113027576,"K","7th Session"
"彭紹瑾",-2.6106282498397,0.00100540113027576,"K","7th Session"
"徐中雄",1.35653293074952,0.00100540113027576,"K","7th Session"
"徐少萍",1.76786684047053,0.00100540113027576,"K","7th Session"
"徐耀昌",1.71772214844351,0.00100540113027576,"K","7th Session"
"曹爾忠",1.72179332284484,0.00100540113027576,"K","7th Session"
"曾永權",1.22695056937685,0.00100540113027576,"K","7th Session"
"朱鳳芝",1.57728363236243,0.00100540113027576,"K","7th Session"
"李乙廷",0.436761100105563,0.00100540113027576,"K","7th Session"
"李俊毅",-3.81101575002573,0.00100540113027576,"D","7th Session"
"李嘉進",1.05604867515425,0.00100540113027576,"K","7th Session"
"李復興",1.69320457380026,0.00100540113027576,"K","7th Session"
"李慶安",0.392157989593094,0.00100540113027576,"K","7th Session"
"李慶華",1.64160208814061,0.00100540113027576,"K","7th Session"
"李明星",1.65808454878388,0.00100540113027576,"K","7th Session"
"李紀珠",-0.642680837037582,0.00100540113027576,"K","7th Session"
"李鴻鈞",1.64823010817414,0.00100540113027576,"K","7th Session"
"林岱樺",-2.21278792728718,0.00100540113027576,"D","7th Session"
"林建榮",1.51752411575009,0.00100540113027576,"K","7th Session"
"林德福",1.78324615089461,0.00100540113027576,"K","7th Session"
"林明溱",1.61463175963327,0.00100540113027576,"K","7th Session"
"林正二",1.49029352981437,0.00100540113027576,"K","7th Session"
"林淑芬",-3.01581956445783,0.00100540113027576,"D","7th Session"
"林滄敏",1.71387968435199,0.00100540113027576,"K","7th Session"
"林炳坤",0.639950068840585,0.00100540113027576,"N","7th Session"
"林益世",1.8127801469495,0.00100540113027576,"K","7th Session"
"林郁方",1.68496145449478,0.00100540113027576,"K","7th Session"
"林鴻池",1.78092824949492,0.00100540113027576,"K","7th Session"
"柯建銘",-3.104844448916,0.00100540113027576,"D","7th Session"
"楊仁福",1.69662407490641,0.00100540113027576,"K","7th Session"
"楊瓊瓔",1.5526774511929,0.00100540113027576,"K","7th Session"
"楊麗環",1.62550625366406,0.00100540113027576,"K","7th Session"
"江玲君",1.55117788942876,0.00100540113027576,"K","7th Session"
"江義雄",1.67738514955235,0.00100540113027576,"K","7th Session"
"江連福",0.942460629972287,0.00100540113027576,"K","7th Session"
"洪秀柱",1.75913637452146,0.00100540113027576,"K","7th Session"
"涂醒哲",-3.04762450152834,0.00100540113027576,"D","7th Session"
"潘孟安",-3.08530742460432,0.00100540113027576,"D","7th Session"
"潘維剛",1.78019005123422,0.00100540113027576,"K","7th Session"
"王幸男",-3.06563361637657,0.00100540113027576,"D","7th Session"
"王幸男　",-0.675817318009174,0.00100540113027576,NA,"7th Session"
"王廷升",1.26729371310511,0.00100540113027576,"K","7th Session"
"王進士",1.54495453500639,0.00100540113027576,"K","7th Session"
"王金平",-0.642680837037582,0.00100540113027576,"K","7th Session"
"田秋堇",-3.14528280404005,0.00100540113027576,"D","7th Session"
"盧嘉辰",1.77391124345264,0.00100540113027576,"K","7th Session"
"盧秀燕",1.50099223371069,0.00100540113027576,"K","7th Session"
"管碧玲",-2.99803427915652,0.00100540113027576,"D","7th Session"
"簡東明",1.7332190305581,0.00100540113027576,"K","7th Session"
"簡肇棟",-2.48580622812737,0.00100540113027576,"K","7th Session"
"紀國棟",1.72476715522709,0.00100540113027576,"K","7th Session"
"羅明才",1.70598444957472,0.00100540113027576,"K","7th Session"
"羅淑蕾",1.76947452290013,0.00100540113027576,"K","7th Session"
"翁重鈞",1.28439526981215,0.00100540113027576,"K","7th Session"
"翁金珠",-3.04766578690481,0.00100540113027576,"D","7th Session"
"葉宜津",-3.06030799548528,0.00100540113027576,"D","7th Session"
"蔡同榮",-3.84090042373729,0.00100540113027576,"D","7th Session"
"蔡同榮　",-0.642680837037582,0.00100540113027576,NA,"7th Session"
"蔡正元",1.5698303087487,0.00100540113027576,"K","7th Session"
"蔡煌瑯",-3.07079123094716,0.00100540113027576,"D","7th Session"
"蔡錦隆",1.57615122274576,0.00100540113027576,"K","7th Session"
"蔣乃辛",1.67491615695962,0.00100540113027576,"K","7th Session"
"蔣孝嚴",1.48335544896077,0.00100540113027576,"K","7th Session"
"蕭景田",1.51887258613029,0.00100540113027576,"K","7th Session"
"薛凌",-3.12653641333543,0.00100540113027576,"D","7th Session"
"蘇震清",-3.05523476558389,0.00100540113027576,"D","7th Session"
"許添財",-2.20957381234808,0.00100540113027576,"K","7th Session"
"許舒博",1.30425595165541,0.00100540113027576,"K","7th Session"
"謝國樑",1.49410274911935,0.00100540113027576,"K","7th Session"
"費鴻泰",1.7444051971787,0.00100540113027576,"K","7th Session"
"賴坤成",-2.63772104045945,0.00100540113027576,"K","7th Session"
"賴士葆",1.79368017023969,0.00100540113027576,"K","7th Session"
"賴清德",-2.91162796929577,0.00100540113027576,"D","7th Session"
"趙麗雲",1.76449363086709,0.00100540113027576,"K","7th Session"
"邱毅",1.46697395357873,0.00100540113027576,"K","7th Session"
"邱議瑩",-3.03663982405792,0.00100540113027576,"D","7th Session"
"邱鏡淳",0.86324438043916,0.00100540113027576,"K","7th Session"
"郭榮宗",-2.50617956738002,0.00100540113027576,"K","7th Session"
"郭玟成",-3.08982328104331,0.00100540113027576,"D","7th Session"
"郭素春",1.75227985233866,0.00100540113027576,"K","7th Session"
"鄭汝芬",1.72958869482718,0.00100540113027576,"K","7th Session"
"鄭金玲",1.76013538826825,0.00100540113027576,"K","7th Session"
"鄭麗文",1.6483508105105,0.00100540113027576,"K","7th Session"
"鍾紹和",1.55045000872234,0.00100540113027576,"K","7th Session"
"陳 杰",-0.580589531927746,0.00100540113027576,NA,"7th Session"
"陳亭妃",-3.08577213374676,0.00100540113027576,"D","7th Session"
"陳啟昱",-2.97631106861754,0.00100540113027576,"D","7th Session"
"陳明文",-2.56027990399679,0.00100540113027576,"K","7th Session"
"陳杰",1.7612399944812,0.00100540113027576,"K","7th Session"
"陳杰　",-0.620320732088897,0.00100540113027576,NA,"7th Session"
"陳根德",1.57035747364598,0.00100540113027576,"K","7th Session"
"陳淑慧",1.66614104542143,0.00100540113027576,"K","7th Session"
"陳瑩",-3.31262697875387,0.00100540113027576,"D","7th Session"
"陳福海",0.737108415008599,0.00100540113027576,"N","7th Session"
"陳秀卿",1.20660864376185,0.00100540113027576,"K","7th Session"
"陳節如",-3.12532632563239,0.00100540113027576,"D","7th Session"
"顏清標",0.653480345813239,0.00100540113027576,"N","7th Session"
"馬文君",1.41172562629286,0.00100540113027576,"K","7th Session"
"高志鵬",-3.08056367435578,0.00100540113027576,"D","7th Session"
"高金素梅",0.236637428851305,0.00100540113027576,"N","7th Session"
"黃仁杼",-2.60559621055772,0.00100540113027576,"K","7th Session"
"黃偉哲",-3.79485589116646,0.00100540113027576,"D","7th Session"
"黃健庭",1.05237220878729,0.00100540113027576,"K","7th Session"
"黃志雄",1.63999855258416,0.00100540113027576,"K","7th Session"
"黃昭順",1.42129840765357,0.00100540113027576,"K","7th Session"
"黃淑英",-3.29889621890186,0.00100540113027576,"D","7th Session"
"黃義交",1.6733112172283,0.00100540113027576,"K","7th Session"
"丁守中",0.581671842289684,0.00023968609989856,"K","8th Session"
"何欣純",-1.32143371100854,0.00023968609989856,"D","8th Session"
"劉建國",-1.16927677972988,0.00023968609989856,"D","8th Session"
"劉櫂豪",-1.19967682082198,0.00023968609989856,"D","8th Session"
"吳宜臻",-1.28226405318874,0.00023968609989856,"D","8th Session"
"吳秉叡",-1.28618003240722,0.00023968609989856,"D","8th Session"
"吳育仁",0.947410398934587,0.00023968609989856,"K","8th Session"
"吳育昇",0.947751046047487,0.00023968609989856,"K","8th Session"
"呂學樟",0.944413621216564,0.00023968609989856,"K","8th Session"
"呂玉玲",0.892300237953944,0.00023968609989856,"K","8th Session"
"周倪安",-1.52081286421767,0.00023968609989856,"K","8th Session"
"姚文智",-1.19263964055349,0.00023968609989856,"D","8th Session"
"孔文吉",0.770612736750943,0.00023968609989856,"K","8th Session"
"孫大千",0.846459254180415,0.00023968609989856,"K","8th Session"
"尤美女",-1.37417073035049,0.00023968609989856,"D","8th Session"
"廖國棟",0.880717483903252,0.00023968609989856,"K","8th Session"
"廖正井",0.84613071048921,0.00023968609989856,"K","8th Session"
"張嘉郡",0.874606168563332,0.00023968609989856,"K","8th Session"
"張慶忠",0.947167317780756,0.00023968609989856,"K","8th Session"
"張曉風",-0.606478740074554,0.00023968609989856,"P","8th Session"
"徐少萍",0.946570484983994,0.00023968609989856,"K","8th Session"
"徐志榮",0.572981590677727,0.00023968609989856,"K","8th Session"
"徐欣瑩",0.833715859374039,0.00023968609989856,"K","8th Session"
"徐耀昌",0.907002315149177,0.00023968609989856,"K","8th Session"
"曾巨威",0.941215577300175,0.00023968609989856,"K","8th Session"
"李俊俋",-1.21312653090972,0.00023968609989856,"D","8th Session"
"李慶華",0.606910831777881,0.00023968609989856,"K","8th Session"
"李應元",-1.43423934786717,0.00023968609989856,"D","8th Session"
"李昆澤",-1.19184419094406,0.00023968609989856,"D","8th Session"
"李桐豪",-0.365094572647588,0.00023968609989856,"P","8th Session"
"李貴敏",0.946494882272913,0.00023968609989856,"K","8th Session"
"李鴻鈞",0.808949816619054,0.00023968609989856,"K","8th Session"
"林世嘉",-1.11600599527961,0.00023968609989856,"T","8th Session"
"林佳龍",-1.16090114766379,0.00023968609989856,"D","8th Session"
"林國正",0.734013193887662,0.00023968609989856,"K","8th Session"
"林岱樺",-1.20505286234169,0.00023968609989856,"D","8th Session"
"林德福",0.942027721676796,0.00023968609989856,"K","8th Session"
"林明溱",0.893541088222864,0.00023968609989856,"K","8th Session"
"林正二",-0.640112309651303,0.00023968609989856,"P","8th Session"
"林淑芬",-1.26775525493944,0.00023968609989856,"D","8th Session"
"林滄敏",0.931430285534987,0.00023968609989856,"K","8th Session"
"林郁方",0.95420770636285,0.00023968609989856,"K","8th Session"
"林鴻池",0.945545250674509,0.00023968609989856,"K","8th Session"
"柯建銘",-1.30456242838129,0.00023968609989856,"D","8th Session"
"楊應雄",0.77193260999083,0.00023968609989856,"K","8th Session"
"楊曜",-1.20900467246375,0.00023968609989856,"D","8th Session"
"楊玉欣",0.89248920171227,0.00023968609989856,"K","8th Session"
"楊瓊瓔",0.923591219759548,0.00023968609989856,"K","8th Session"
"楊麗環",0.860483231499701,0.00023968609989856,"K","8th Session"
"段宜康",-1.4713656309495,0.00023968609989856,"D","8th Session"
"江惠貞",0.9450624541835,0.00023968609989856,"K","8th Session"
"江啟臣",0.942452830849793,0.00023968609989856,"K","8th Session"
"洪秀柱",0.369528529679237,0.00023968609989856,"K","8th Session"
"潘孟安",-1.12903413602761,0.00023968609989856,"D","8th Session"
"潘維剛",0.949772080848305,0.00023968609989856,"K","8th Session"
"王廷升",0.890742574059915,0.00023968609989856,"K","8th Session"
"王惠美",0.935401430534115,0.00023968609989856,"K","8th Session"
"王育敏",0.944133798603182,0.00023968609989856,"K","8th Session"
"王進士",0.913116680465566,0.00023968609989856,"K","8th Session"
"王金平",-0.0846493059435562,0.00023968609989856,"K","8th Session"
"田秋堇",-1.31016929030763,0.00023968609989856,"D","8th Session"
"盧嘉辰",0.899044720313604,0.00023968609989856,"K","8th Session"
"盧秀燕",0.851666650964721,0.00023968609989856,"K","8th Session"
"管碧玲",-1.17764593847211,0.00023968609989856,"D","8th Session"
"簡東明",0.750616041721339,0.00023968609989856,"K","8th Session"
"紀國棟",0.931994836366084,0.00023968609989856,"K","8th Session"
"羅明才",0.748961133630872,0.00023968609989856,"K","8th Session"
"羅淑蕾",0.692220140057012,0.00023968609989856,"K","8th Session"
"翁重鈞",0.86244899930017,0.00023968609989856,"K","8th Session"
"莊瑞雄",-1.08194380022404,0.00023968609989856,"D","8th Session"
"葉宜津",-1.27324293646297,0.00023968609989856,"D","8th Session"
"葉津鈴",-1.54409598602514,0.00023968609989856,"K","8th Session"
"蔡其昌",-1.2069543966392,0.00023968609989856,"D","8th Session"
"蔡正元",0.876181462003546,0.00023968609989856,"K","8th Session"
"蔡煌瑯",-1.18668630795483,0.00023968609989856,"D","8th Session"
"蔡錦隆",0.934334935971303,0.00023968609989856,"K","8th Session"
"蔣乃辛",0.940952774741445,0.00023968609989856,"K","8th Session"
"蕭美琴",-1.30548637002702,0.00023968609989856,"D","8th Session"
"薛凌",-1.20469503019743,0.00023968609989856,"D","8th Session"
"蘇清泉",0.947771318775787,0.00023968609989856,"K","8th Session"
"蘇震清",-1.21684155509393,0.00023968609989856,"D","8th Session"
"許忠信",-1.17100252853519,0.00023968609989856,"T","8th Session"
"許智傑",-1.20849743595963,0.00023968609989856,"D","8th Session"
"許淑華",0.585588689635354,0.00023968609989856,"K","8th Session"
"許添財",-1.33339856478579,0.00023968609989856,"D","8th Session"
"詹凱臣",0.945884216659489,0.00023968609989856,"K","8th Session"
"詹滿容",0.173779390013746,0.00023968609989856,"K","8th Session"
"謝國樑",0.859937903360658,0.00023968609989856,"K","8th Session"
"費鴻泰",0.952106274258877,0.00023968609989856,"K","8th Session"
"賴士葆",0.927452360808666,0.00023968609989856,"K","8th Session"
"賴振昌",-1.5620494710756,0.00023968609989856,"K","8th Session"
"趙天麟",-1.20030107266976,0.00023968609989856,"D","8th Session"
"邱志偉",-1.21516433022047,0.00023968609989856,"D","8th Session"
"邱文彥",0.889361473264614,0.00023968609989856,"K","8th Session"
"邱議瑩",-1.23601612164118,0.00023968609989856,"D","8th Session"
"鄭天財",0.779279288752803,0.00023968609989856,"K","8th Session"
"鄭汝芬",0.928336206292947,0.00023968609989856,"K","8th Session"
"鄭麗君",-1.33396746672142,0.00023968609989856,"D","8th Session"
"陳亭妃",-1.27672186626746,0.00023968609989856,"D","8th Session"
"陳其邁",-1.25995142316171,0.00023968609989856,"D","8th Session"
"陳唐山",-1.26163694159466,0.00023968609989856,"D","8th Session"
"陳學聖",0.773268346114169,0.00023968609989856,"K","8th Session"
"陳怡潔",-0.245020080388502,0.00023968609989856,"K","8th Session"
"陳明文",-1.20433181734372,0.00023968609989856,"D","8th Session"
"陳根德",0.820811026025755,0.00023968609989856,"K","8th Session"
"陳歐珀",-1.18368839319529,0.00023968609989856,"D","8th Session"
"陳淑慧",0.951245483422788,0.00023968609989856,"K","8th Session"
"陳碧涵",0.949312781813999,0.00023968609989856,"K","8th Session"
"陳節如",-1.36940740551679,0.00023968609989856,"D","8th Session"
"陳素月",-0.791321657635235,0.00023968609989856,"D","8th Session"
"陳超明",0.921164406985407,0.00023968609989856,"K","8th Session"
"陳鎮湘",0.954484106047785,0.00023968609989856,"K","8th Session"
"陳雪生",0.602192865191797,0.00023968609989856,"N","8th Session"
"顏寬恒",0.807166102031345,0.00023968609989856,"K","8th Session"
"顏清標",-0.128970913298995,0.00023968609989856,"N","8th Session"
"馬文君",0.872487836825572,0.00023968609989856,"K","8th Session"
"高志鵬",-1.18504183935749,0.00023968609989856,"D","8th Session"
"高金素梅",-0.0286950454201658,0.00023968609989856,"N","8th Session"
"魏明谷",-1.14872846594522,0.00023968609989856,"D","8th Session"
"黃偉哲",-1.30874577696226,0.00023968609989856,"D","8th Session"
"黃國書",-1.0863194526716,0.00023968609989856,"K","8th Session"
"黃志雄",0.940850661183028,0.00023968609989856,"K","8th Session"
"黃文玲",-1.15650784459779,0.00023968609989856,"T","8th Session"
"黃昭順",0.934119488760372,0.00023968609989856,"K","8th Session"
